DELETE FROM `npc_vendor` WHERE `item` IN (40411,18256,8925,17021,17026,17028,17033,21177,22148,44605,16583,3030,28053,11362,5439,2101,5439,7278,11362,3573,3605,7371,8217,2662,19319,29144,29143,34100,34105,34106,44447,40411,18256,3372);

DELETE FROM `creature_loot_template` WHERE `item` IN (40411,18256,8925,17021,17026,17028,17033,21177,22148,44605,16583,3030,28053,11362,5439,2101,5439,7278,11362,3573,3605,7371,8217,2662,19319,29144,29143,34100,34105,34106,44447,40411,18256,3372);

DELETE FROM `creature_equip_template` WHERE `entry` = 3127;

DELETE FROM `creature` WHERE `guid` IN (87006, 87007, 87005, 87003, 87002, 90167, 86998, 86973, 86971, 86993, 86991, 86989, 86984, 78635, 86982, 86981, 86980, 86978, 86979, 87019, 87021, 87016, 87027, 87026, 89926, 87015);

DELETE FROM creature_equip_template where entry=1985;

UPDATE creature_template SET equipment_id=0 WHERE entry=1985;

DELETE FROM `creature` WHERE `guid` IN (87020,87013,87018,87024,87023,87025,86974,86977,87074,87076,89300,87075,87071,87080,123325,90195);

DELETE FROM `smart_scripts` WHERE `entryorguid` = 49141;

DELETE FROM creature_equip_template where entry=1995;

UPDATE creature SET equipment_id=0 WHERE ID=1995;

UPDATE creature_template SET equipment_id=0 WHERE entry=1995;

DELETE FROM creature_equip_template where entry=1998;

UPDATE creature SET equipment_id=0 WHERE ID=1998;

UPDATE creature_template SET equipment_id=0 WHERE entry=1998;

DELETE FROM `creature` WHERE `guid` IN (86975,87079,87031,87030,87029,87028,86976);

UPDATE `creature_template` SET `exp` = '3', `AIName` = 'SmartAI' WHERE `entry` =49913;

UPDATE `creature_template` SET `exp` = '3', `faction_A` = '16', `faction_H` = '16', `AIName` = 'SmartAI', `InhabitType` = '6', `MovementType` = '1' WHERE `entry` =50005;

DELETE FROM `smart_scripts` WHERE `entryorguid` IN (49913,50005,50052,50050);
INSERT INTO `smart_scripts` (`entryorguid`, `source_type`, `id`, `link`, `event_type`, `event_phase_mask`, `event_chance`, `event_flags`, `event_param1`, `event_param2`, `event_param3`, `event_param4`, `action_type`, `action_param1`, `action_param2`, `action_param3`, `action_param4`, `action_param5`, `action_param6`, `target_type`, `target_param1`, `target_param2`, `target_param3`, `target_x`, `target_y`, `target_z`, `target_o`, `comment`) VALUES
(49913, 0, 0, 0, 0, 0, 100, 0, 5000, 10000, 25000, 35000, 11, 92895, 0, 0, 0, 0, 0, 5, 0, 0, 0, 0, 0, 0, 0, 'Lady La-La - Briny Romance'),
(49913, 0, 1, 0, 0, 0, 100, 0, 10000, 30000, 50000, 70000, 11, 92888, 0, 0, 0, 0, 0, 5, 0, 0, 0, 0, 0, 0, 0, 'Lady La-La - Sirens Song'),
(50005, 0, 0, 0, 0, 0, 100, 0, 5000, 10000, 25000, 35000, 11, 93497, 0, 0, 0, 0, 0, 5, 0, 0, 0, 0, 0, 0, 0, 'Poseidus - Bubble Charge'),
(50005, 0, 1, 0, 0, 0, 100, 0, 10000, 20000, 30000, 40000, 11, 93500, 0, 0, 0, 0, 0, 2, 0, 0, 0, 0, 0, 0, 0, 'Poseidus - Bubblebeam'),
(50005, 0, 2, 0, 0, 0, 100, 0, 20000, 35000, 55000, 80000, 11, 93502, 0, 0, 0, 0, 0, 1, 0, 0, 0, 0, 0, 0, 0, 'Poseidus - Seascape'),
(50052, 0, 0, 0, 0, 0, 100, 0, 12000, 22000, 32000, 42000, 11, 79414, 0, 0, 0, 0, 0, 2, 0, 0, 0, 0, 0, 0, 0, 'Burgy - Brittle Touch'),
(50052, 0, 1, 0, 0, 0, 100, 0, 10000, 20000, 30000, 40000, 11, 75380, 0, 0, 0, 0, 0, 5, 0, 0, 0, 0, 0, 0, 0, 'Burgy - Parrley!'),
(50052, 0, 2, 0, 0, 0, 100, 0, 20000, 35000, 55000, 80000, 11, 75361, 0, 0, 0, 0, 0, 2, 0, 0, 0, 0, 0, 0, 0, 'Burgy - Swashbuckling Slice'),
(50050, 0, 0, 0, 0, 0, 100, 0, 12000, 22000, 32000, 42000, 11, 43512, 0, 0, 0, 0, 0, 5, 0, 0, 0, 0, 0, 0, 0, 'Shoksharak - Mind Flay'),
(50050, 0, 1, 0, 0, 0, 100, 0, 10000, 20000, 30000, 40000, 11, 75903, 0, 0, 0, 0, 0, 5, 0, 0, 0, 0, 0, 0, 0, 'Shoksharak - Shadow Crash'),
(50050, 0, 2, 0, 0, 0, 100, 0, 20000, 35000, 55000, 80000, 11, 75073, 0, 0, 0, 0, 0, 2, 0, 0, 0, 0, 0, 0, 0, 'Shoksharak - Shadow Nova');

DELETE FROM `creature_equip_template` WHERE `entry` = 49913;
INSERT INTO `creature_equip_template` (`entry`, `id`, `itemEntry1`, `itemEntry2`, `itemEntry3`) VALUES
(49913, 1, 30387, 0, 0);

DELETE FROM `creature` WHERE `id` IN (49913,50005,50050);
DELETE FROM `creature` WHERE `guid` IN (300697,300698,300699,300700,300701,300702,300703,300704);
INSERT INTO `creature` (`guid`, `id`, `map`, `zone`, `area`, `spawnMask`, `phaseMask`, `modelid`, `equipment_id`, `position_x`, `position_y`, `position_z`, `orientation`, `spawntimesecs`, `spawndist`, `currentwaypoint`, `curhealth`, `curmana`, `MovementType`, `npcflag`, `unit_flags`, `dynamicflags`) VALUES
(300697, 49913, 0, 0, 0, 1, 1, 0, 0, -5350.12, 3394.44, -133.783, 0.605591, 3600, 0, 0, 26066, 0, 0, 0, 0, 0),
(300698, 49913, 0, 0, 0, 1, 1, 0, 0, -5448.5, 3459.24, -129.542, 0.837277, 3600, 0, 0, 26066, 0, 0, 0, 0, 0),
(300699, 49913, 0, 0, 0, 1, 1, 0, 0, -5554.54, 3476.14, -45.4325, 5.93058, 3600, 0, 0, 26066, 0, 0, 0, 0, 0),
(300700, 50005, 0, 0, 0, 1, 1, 0, 0, -6908.08, 4842.37, -497.686, 6.10327, 3600, 0, 0, 19550, 0, 0, 0, 0, 0),
(300701, 50005, 0, 0, 0, 1, 1, 0, 0, -6236.85, 3454.06, -431.401, 0.650601, 3600, 0, 0, 47927, 0, 0, 0, 0, 0),
(300702, 50052, 0, 0, 0, 1, 1, 0, 0, -7014.88, 3937.87, -467.088, 0.580974, 3600, 0, 0, 19550, 0, 0, 0, 0, 0),
(300703, 50050, 0, 0, 0, 1, 1, 0, 0, -5623.27, 6209.54, -1065.69, 2.77385, 3600, 0, 0, 67019, 0, 0, 0, 0, 0),
(300704, 50050, 0, 0, 0, 1, 1, 0, 0, -5769.58, 6458.42, -958.055, 1.1376, 3600, 0, 0, 20222, 0, 0, 0, 0, 0);

DELETE FROM `pool_template` WHERE `entry` IN (60003,60004,60005);
INSERT INTO `pool_template` (`entry`, `max_limit`, `description`) VALUES
(60003, 1, 'Lady La-La (49913)'),
(60004, 1, 'Poseidus (50005)'),
(60005, 1, 'Shoksharak (50050)');

DELETE FROM `pool_creature` WHERE `pool_entry` IN (60003,60004,60005);
INSERT INTO `pool_creature` (`guid`, `pool_entry`, `chance`, `description`) VALUES
(300697, 60003, 0, 'Lady La-La'),
(300698, 60003, 0, 'Lady La-La'),
(300699, 60003, 0, 'Lady La-La'),
(300700, 60004, 0, 'Poseidus'),
(300701, 60004, 0, 'Poseidus'),
(300703, 60005, 0, 'Poseidus'),
(300704, 60005, 0, 'Poseidus');

UPDATE `creature_template` SET `lootid` = '50005' WHERE `entry` =50005;

DELETE FROM `creature_loot_template` WHERE `entry` = 50005;
INSERT INTO `creature_loot_template` (`entry`, `item`, `ChanceOrQuestChance`, `lootmode`, `groupid`, `mincountOrRef`, `maxcount`) VALUES
(50005, 67151, 100, 1, 0, 1, 1);

DELETE FROM `creature_template_addon` WHERE `entry` = 50052;
INSERT INTO `creature_template_addon` (`entry`, `path_id`, `mount`, `bytes1`, `bytes2`, `emote`, `auras`) VALUES
(50052, 0, 0, 0, 0, 0, '93083');

UPDATE `creature_template` SET `exp` = '3', `AIName` = 'SmartAI' WHERE `entry` =50052;

UPDATE `creature_template` SET `exp` = '3', `unit_class` = '2', `AIName` = 'SmartAI', `InhabitType` = '6' WHERE `entry` =50050;

UPDATE creature_template SET modelid1=7274  WHERE entry=7999;

UPDATE creature_template SET gossip_menu_id = 0 WHERE entry = 23736;

DELETE FROM npc_trainer WHERE entry IN (16746,11050);
INSERT INTO `npc_trainer` (`entry`, `spell`, `spellcost`, `reqskill`, `reqskillvalue`, `reqlevel`) VALUES
('16746', '12046', '300', '197', '75', '0'),
('16746', '12045', '50', '197', '20', '0'),
('16746', '8776', '50', '197', '15', '0'),
('16746', '8760', '600', '197', '145', '0'),
('16746', '8758', '600', '197', '140', '0'),
('16746', '8467', '250', '197', '110', '0'),
('16746', '8465', '50', '197', '40', '0'),
('16746', '7624', '50', '197', '30', '0'),
('16746', '7623', '50', '197', '30', '0'),
('16746', '6690', '1000', '197', '135', '0'),
('16746', '6521', '400', '197', '90', '0'),
('16746', '3914', '50', '197', '30', '0'),
('16746', '3866', '250', '197', '110', '0'),
('16746', '3859', '750', '197', '150', '0'),
('16746', '3855', '750', '197', '125', '0'),
('16746', '3852', '750', '197', '130', '0'),
('16746', '3850', '500', '197', '110', '0'),
('16746', '3848', '500', '197', '110', '0'),
('16746', '3845', '300', '197', '80', '0'),
('16746', '3843', '400', '197', '85', '0'),
('16746', '3842', '300', '197', '70', '0'),
('16746', '3841', '200', '197', '60', '0'),
('16746', '3840', '100', '197', '35', '0'),
('16746', '3839', '500', '197', '125', '0'),
('16746', '3813', '800', '197', '150', '0'),
('16746', '3757', '200', '197', '80', '0'),
('16746', '3755', '100', '197', '45', '0'),
('16746', '2964', '100', '197', '75', '0'),
('16746', '2406', '200', '197', '100', '0'),
('16746', '2402', '250', '197', '75', '0'),
('16746', '2401', '300', '197', '95', '0'),
('16746', '2399', '300', '197', '85', '0'),
('16746', '2397', '200', '197', '60', '0'),
('16746', '2396', '200', '197', '70', '0'),
('16746', '2395', '300', '197', '70', '0'),
('16746', '2394', '50', '197', '40', '0'),
('16746', '2393', '25', '197', '1', '0'),
('16746', '2392', '50', '197', '40', '0'),
('16746', '2386', '200', '197', '65', '0'),
('16746', '2385', '50', '197', '10', '0'),
('11050', '12046', '300', '197', '75', '0'),
('11050', '12045', '50', '197', '20', '0'),
('11050', '8776', '50', '197', '15', '0'),
('11050', '8760', '600', '197', '145', '0'),
('11050', '8758', '600', '197', '140', '0'),
('11050', '8467', '250', '197', '110', '0'),
('11050', '8465', '50', '197', '40', '0'),
('11050', '7624', '50', '197', '30', '0'),
('11050', '7623', '50', '197', '30', '0'),
('11050', '6690', '1000', '197', '135', '0'),
('11050', '6521', '400', '197', '90', '0'),
('11050', '3914', '50', '197', '30', '0'),
('11050', '3866', '250', '197', '110', '0'),
('11050', '3859', '750', '197', '150', '0'),
('11050', '3855', '750', '197', '125', '0'),
('11050', '3852', '750', '197', '130', '0'),
('11050', '3850', '500', '197', '110', '0'),
('11050', '3848', '500', '197', '110', '0'),
('11050', '3845', '300', '197', '80', '0'),
('11050', '3843', '400', '197', '85', '0'),
('11050', '3842', '300', '197', '70', '0'),
('11050', '3841', '200', '197', '60', '0'),
('11050', '3840', '100', '197', '35', '0'),
('11050', '3839', '500', '197', '125', '0'),
('11050', '3813', '800', '197', '150', '0'),
('11050', '3757', '200', '197', '80', '0'),
('11050', '3755', '100', '197', '45', '0'),
('11050', '2964', '100', '197', '75', '0'),
('11050', '2406', '200', '197', '100', '0'),
('11050', '2402', '250', '197', '75', '0'),
('11050', '2401', '300', '197', '95', '0'),
('11050', '2399', '300', '197', '85', '0'),
('11050', '2397', '200', '197', '60', '0'),
('11050', '2396', '200', '197', '70', '0'),
('11050', '2395', '300', '197', '70', '0'),
('11050', '2394', '50', '197', '40', '0'),
('11050', '2393', '25', '197', '1', '0'),
('11050', '2392', '50', '197', '40', '0'),
('11050', '2386', '200', '197', '65', '0'),
('11050', '2385', '50', '197', '10', '0');

DELETE FROM npc_vendor WHERE entry =52641;
INSERT INTO `npc_vendor` (`entry`, `slot`, `item`, `maxcount`, `incrtime`, `ExtendedCost`, `type`) VALUES
('52641', '0', '2880', '0', '0', '0', '1'),
('52641', '0', '2901', '0', '0', '0', '1'),
('52641', '0', '3466', '0', '0', '0', '1'),
('52641', '0', '3857', '0', '0', '0', '1'),
('52641', '0', '5956', '0', '0', '0', '1'),
('52641', '0', '12162', '1', '3600', '0', '1'),
('52641', '0', '18567', '0', '0', '0', '1'),
('52641', '0', '66100', '0', '0', '3314', '1'),
('52641', '0', '66101', '0', '0', '3314', '1'),
('52641', '0', '66103', '0', '0', '3312', '1'),
('52641', '0', '66104', '0', '0', '3313', '1'),
('52641', '0', '66105', '0', '0', '3312', '1'),
('52641', '0', '66106', '0', '0', '3313', '1'),
('52641', '0', '66107', '0', '0', '3312', '1'),
('52641', '0', '66108', '0', '0', '3313', '1'),
('52641', '0', '66109', '0', '0', '3312', '1'),
('52641', '0', '66110', '0', '0', '3313', '1'),
('52641', '0', '66111', '0', '0', '3313', '1'),
('52641', '0', '66112', '0', '0', '3313', '1'),
('52641', '0', '66113', '0', '0', '3313', '1'),
('52641', '0', '66114', '0', '0', '3313', '1'),
('52641', '0', '66115', '0', '0', '3313', '1'),
('52641', '0', '66116', '0', '0', '3313', '1'),
('52641', '0', '66117', '0', '0', '3312', '1'),
('52641', '0', '66118', '0', '0', '3312', '1'),
('52641', '0', '66119', '0', '0', '3312', '1'),
('52641', '0', '66120', '0', '0', '3313', '1'),
('52641', '0', '66121', '0', '0', '3313', '1'),
('52641', '0', '66122', '0', '0', '3314', '1'),
('52641', '0', '66123', '0', '0', '3314', '1'),
('52641', '0', '66124', '0', '0', '3314', '1'),
('52641', '0', '66125', '0', '0', '3312', '1'),
('52641', '0', '66126', '0', '0', '3312', '1'),
('52641', '0', '66127', '0', '0', '3312', '1'),
('52641', '0', '66128', '0', '0', '3313', '1'),
('52641', '0', '66129', '0', '0', '3313', '1'),
('52641', '0', '66130', '0', '0', '3314', '1'),
('52641', '0', '66131', '0', '0', '3314', '1'),
('52641', '0', '66132', '0', '0', '3314', '1'),
('52641', '0', '67603', '0', '0', '3313', '1'),
('52641', '0', '67606', '0', '0', '3314', '1');

DELETE FROM `item_loot_template` WHERE `entry` = 68729;
INSERT INTO `item_loot_template` (`entry`, `item`, `ChanceOrQuestChance`, `lootmode`, `groupid`, `mincountOrRef`, `maxcount`) VALUES
(68729, 55403, 1.5, 1, 0, 1, 1),
(68729, 55404, 1.1, 1, 0, 1, 1),
(68729, 55421, 0.5, 1, 0, 1, 1),
(68729, 55422, 2, 1, 0, 1, 1),
(68729, 55423, 1.9, 1, 0, 1, 1),
(68729, 55439, 0.9, 1, 0, 1, 1),
(68729, 55440, 1.3, 1, 0, 1, 1),
(68729, 55441, 1.3, 1, 0, 1, 1),
(68729, 55484, 1.7, 1, 0, 1, 1),
(68729, 55485, 1.8, 1, 0, 1, 1),
(68729, 55711, 1.7, 1, 0, 1, 1),
(68729, 55719, 1.4, 1, 0, 1, 1),
(68729, 55727, 1.5, 1, 0, 1, 1),
(68729, 55754, 1.8, 1, 0, 1, 1),
(68729, 55755, 1.3, 1, 0, 1, 1),
(68729, 55756, 1, 1, 0, 1, 1),
(68729, 55772, 1.5, 1, 0, 1, 1);

DELETE FROM `smart_scripts` WHERE `entryorguid` IN (501,54373,51915);
INSERT INTO `smart_scripts` (`entryorguid`, `source_type`, `id`, `link`, `event_type`, `event_phase_mask`, `event_chance`, `event_flags`, `event_param1`, `event_param2`, `event_param3`, `event_param4`, `action_type`, `action_param1`, `action_param2`, `action_param3`, `action_param4`, `action_param5`, `action_param6`, `target_type`, `target_param1`, `target_param2`, `target_param3`, `target_x`, `target_y`, `target_z`, `target_o`, `comment`) VALUES
(501, 0, 0, 0, 4, 0, 25, 1, 0, 0, 0, 0, 1, 0, 0, 0, 0, 0, 0, 1, 0, 0, 0, 0, 0, 0, 0, 'Cast Say on Aggro'),
(501, 0, 1, 0, 1, 0, 50, 0, 5000, 5000, 130000, 130000, 11, 80472, 0, 0, 0, 0, 0, 1, 0, 0, 0, 0, 0, 0, 0, 'Cast Elixir of Agility on Spawn'),
(501, 0, 2, 0, 1, 0, 50, 0, 5000, 5000, 130000, 130000, 11, 80473, 0, 0, 0, 0, 0, 1, 0, 0, 0, 0, 0, 0, 0, 'Cast Tonic of Health on Spawn'),
(501, 0, 3, 0, 2, 0, 100, 1, 0, 15, 0, 0, 25, 0, 0, 0, 0, 0, 0, 1, 0, 0, 0, 0, 0, 0, 0, 'Flee at 15% HP'),
(501, 0, 4, 0, 2, 0, 100, 1, 0, 15, 0, 0, 1, 1, 0, 0, 0, 0, 0, 1, 0, 0, 0, 0, 0, 0, 0, 'Say Text at 15% HP'),
(54373, 0, 0, 0, 4, 0, 25, 1, 0, 0, 0, 0, 1, 0, 0, 0, 0, 0, 0, 1, 0, 0, 0, 0, 0, 0, 0, 'Cast Say on Aggro'),
(54373, 0, 1, 0, 2, 0, 100, 1, 0, 15, 0, 0, 25, 0, 0, 0, 0, 0, 0, 1, 0, 0, 0, 0, 0, 0, 0, 'Flee at 15% HP'),
(54373, 0, 2, 0, 2, 0, 100, 1, 0, 15, 0, 0, 1, 1, 0, 0, 0, 0, 0, 1, 0, 0, 0, 0, 0, 0, 0, 'Say Text at 15% HP'),
(51915, 0, 0, 1, 4, 0, 100, 1, 0, 0, 0, 0, 21, 0, 0, 0, 0, 0, 0, 1, 0, 0, 0, 0, 0, 0, 0, 'Stop Moving on Aggro'),
(51915, 0, 1, 2, 61, 0, 100, 1, 0, 0, 0, 0, 11, 95826, 0, 0, 0, 0, 0, 2, 0, 0, 0, 0, 0, 0, 0, 'Cast Shoot on Aggro'),
(51915, 0, 2, 3, 61, 0, 100, 1, 0, 0, 0, 0, 20, 0, 0, 0, 0, 0, 0, 1, 0, 0, 0, 0, 0, 0, 0, 'Stop Melee Attack on Aggro'),
(51915, 0, 3, 0, 61, 0, 100, 1, 0, 0, 0, 0, 22, 1, 0, 0, 0, 0, 0, 1, 0, 0, 0, 0, 0, 0, 0, 'Set Phase 1 on Aggro'),
(51915, 0, 4, 5, 9, 1, 100, 0, 5, 30, 2300, 3900, 11, 95826, 0, 0, 0, 0, 0, 2, 0, 0, 0, 0, 0, 0, 0, 'Cast Shoot'),
(51915, 0, 5, 0, 61, 1, 100, 0, 0, 0, 0, 0, 40, 2, 0, 0, 0, 0, 0, 1, 0, 0, 0, 0, 0, 0, 0, 'Set Ranged Weapon Model'),
(51915, 0, 6, 7, 9, 1, 100, 0, 30, 80, 0, 0, 21, 1, 0, 0, 0, 0, 0, 1, 0, 0, 0, 0, 0, 0, 0, 'Start Moving when not in Shoot Range'),
(51915, 0, 7, 0, 61, 1, 100, 0, 0, 0, 0, 0, 20, 1, 0, 0, 0, 0, 0, 1, 0, 0, 0, 0, 0, 0, 0, 'Start Melee Attack when not in Shoot Range'),
(51915, 0, 8, 9, 9, 1, 100, 0, 0, 10, 0, 0, 21, 1, 0, 0, 0, 0, 0, 1, 0, 0, 0, 0, 0, 0, 0, 'Start Moving when not in Shoot Range'),
(51915, 0, 9, 10, 61, 1, 100, 0, 0, 0, 0, 0, 40, 1, 0, 0, 0, 0, 0, 1, 0, 0, 0, 0, 0, 0, 0, 'Set Melee Weapon Model when not in Shoot Range'),
(51915, 0, 10, 0, 61, 1, 100, 0, 0, 0, 0, 0, 20, 1, 0, 0, 0, 0, 0, 1, 0, 0, 0, 0, 0, 0, 0, 'Start Melee Attack when not in Shoot Range'),
(51915, 0, 11, 12, 9, 1, 100, 0, 11, 25, 0, 0, 21, 0, 0, 0, 0, 0, 0, 1, 0, 0, 0, 0, 0, 0, 0, 'Stop Moving at 25 Yards'),
(51915, 0, 12, 13, 61, 1, 100, 0, 0, 0, 0, 0, 20, 0, 0, 0, 0, 0, 0, 1, 0, 0, 0, 0, 0, 0, 0, 'Stop Melee Attack at 25 Yards'),
(51915, 0, 13, 0, 61, 1, 100, 0, 0, 0, 0, 0, 40, 2, 0, 0, 0, 0, 0, 1, 0, 0, 0, 0, 0, 0, 0, 'Set Ranged Weapon Model at 25 Yards'),
(51915, 0, 14, 15, 7, 1, 100, 1, 0, 0, 0, 0, 40, 1, 0, 0, 0, 0, 0, 1, 0, 0, 0, 0, 0, 0, 0, 'Set Melee Weapon Model on Evade'),
(51915, 0, 15, 0, 61, 1, 100, 1, 0, 0, 0, 0, 22, 0, 0, 0, 0, 0, 0, 1, 0, 0, 0, 0, 0, 0, 0, 'Reset on Evade'),
(51915, 0, 16, 0, 9, 1, 100, 0, 0, 5, 13600, 14500, 11, 12170, 0, 0, 0, 0, 0, 2, 0, 0, 0, 0, 0, 0, 0, 'Cast Revenge on Close');

UPDATE `creature_template` SET `npcflag` = '16777216', `mechanic_immune_mask` = '619397119' WHERE `entry` =28670;

DELETE FROM `spell_target_position` WHERE `id` = 84464;
INSERT INTO `spell_target_position` (`id`, `target_map`, `target_position_x`, `target_position_y`, `target_position_z`, `target_orientation`) VALUES
(84464, 730, 854, 1084, -13, 5);

DELETE FROM `gameobject` WHERE `guid` IN (100161,100162);
INSERT INTO `gameobject` (`guid`, `id`, `map`, `spawnMask`, `phaseMask`, `position_x`, `position_y`, `position_z`, `orientation`, `rotation0`, `rotation1`, `rotation2`, `rotation3`, `spawntimesecs`, `animprogress`, `state`) VALUES
(100161, 195140, 730, 1, 1, 862.405, 1073.18, -11.3041, 6.04161, 0, 0, 0.120493, -0.992714, 300, 0, 1),
(100162, 195139, 730, 1, 1, 844.247, 1075.93, -10.9984, 6.19948, 0, 0, 0.0418383, -0.999124, 300, 0, 1);
