REPLACE INTO creature_template(entry, difficulty_entry_1, difficulty_entry_2, difficulty_entry_3, KillCredit1, KillCredit2, modelid1, modelid2, modelid3, modelid4, name, subname, IconName, gossip_menu_id, minlevel, maxlevel, exp, exp_unk, faction_A, faction_H, npcflag, speed_walk, speed_run, speed_swim, speed_fly, scale, rank, mindmg, maxdmg, dmgschool, attackpower, dmg_multiplier, baseattacktime, rangeattacktime, unit_class, unit_flags, unit_flags2, dynamicflags, family, trainer_type, trainer_spell, trainer_class, trainer_race, minrangedmg, maxrangedmg, rangedattackpower, type, type_flags, type_flags2, lootid, pickpocketloot, skinloot, resistance1, resistance2, resistance3, resistance4, resistance5, resistance6, spell1, spell2, spell3, spell4, spell5, spell6, spell7, spell8, PetSpellDataId, VehicleId, mingold, maxgold, AIName, MovementType, InhabitType, HoverHeight, Health_mod, Mana_mod, Mana_mod_extra, Armor_mod, RacialLeader, questItem1, questItem2, questItem3, questItem4, questItem5, questItem6, movementId, RegenHealth, equipment_id, mechanic_immune_mask, flags_extra, ScriptName, WDBVerified) VALUES 
(99989, 0, 0, 0, 0, 0, 38418, 0, 0, 0, 'Wheezer', 'Glyph Vendor', '', 0, 1, 1, 0, 0, 35, 35, 128, 1, 1.14286, 1, 1.14286, 1, 0, 3.8, 3.8, 0, 46, 1, 0, 0, 1, 0, 2048, 0, 0, 0, 0, 0, 0, 1.9, 1.9, 0, 7, 0, 0, 0, 0, 0, 0, 0, 0, 0, 0, 0, 0, 0, 0, 0, 0, 0, 0, 0, 0, 0, 0, 0, '', 0, 3, 1, 1, 1, 1, 1, 0, 0, 0, 0, 0, 0, 0, 140, 1, 0, 0, 0, '', 15595),
(99990, 0, 0, 0, 0, 0, 38418, 0, 0, 0, 'Wheezer', 'Glyph Vendor 2', '', 0, 1, 1, 0, 0, 35, 35, 128, 1, 1.14286, 1, 1.14286, 1, 0, 3.8, 3.8, 0, 46, 1, 0, 0, 1, 0, 2048, 0, 0, 0, 0, 0, 0, 1.9, 1.9, 0, 7, 0, 0, 0, 0, 0, 0, 0, 0, 0, 0, 0, 0, 0, 0, 0, 0, 0, 0, 0, 0, 0, 0, 0, '', 0, 3, 1, 1, 1, 1, 1, 0, 0, 0, 0, 0, 0, 0, 140, 1, 0, 0, 0, '', 15595),
(99991, 0, 0, 0, 0, 0, 38418, 0, 0, 0, 'Wheezer', 'Gem Vendor', '', 0, 1, 1, 0, 0, 35, 35, 128, 1, 1.14286, 1, 1.14286, 1, 0, 3.8, 3.8, 0, 46, 1, 0, 0, 1, 0, 2048, 0, 0, 0, 0, 0, 0, 1.9, 1.9, 0, 7, 0, 0, 0, 0, 0, 0, 0, 0, 0, 0, 0, 0, 0, 0, 0, 0, 0, 0, 0, 0, 0, 0, 0, '', 0, 3, 1, 1, 1, 1, 1, 0, 0, 0, 0, 0, 0, 0, 140, 1, 0, 0, 0, '', 15595),
(99992, 0, 0, 0, 0, 0, 38418, 0, 0, 0, 'Wheezer', 'Glyph vendor 3', '', 0, 1, 1, 0, 0, 35, 35, 128, 1, 1.14286, 1, 1.14286, 1, 0, 3.8, 3.8, 0, 46, 1, 0, 0, 1, 0, 2048, 0, 0, 0, 0, 0, 0, 1.9, 1.9, 0, 7, 0, 0, 0, 0, 0, 0, 0, 0, 0, 0, 0, 0, 0, 0, 0, 0, 0, 0, 0, 0, 0, 0, 0, '', 0, 3, 1, 1, 1, 1, 1, 0, 0, 0, 0, 0, 0, 0, 140, 1, 0, 0, 0, '', 15595),
(99993, 0, 0, 0, 0, 0, 38418, 0, 0, 0, 'Wheezer', 'Misc', '', 0, 1, 1, 0, 0, 35, 35, 128, 1, 1.14286, 1, 1.14286, 1, 0, 3.8, 3.8, 0, 46, 1, 0, 0, 1, 0, 2048, 0, 0, 0, 0, 0, 0, 1.9, 1.9, 0, 7, 0, 0, 0, 0, 0, 0, 0, 0, 0, 0, 0, 0, 0, 0, 0, 0, 0, 0, 0, 0, 0, 0, 0, '', 0, 3, 1, 1, 1, 1, 1, 0, 0, 0, 0, 0, 0, 0, 140, 1, 0, 0, 0, '', 15595),
(99994, 0, 0, 0, 0, 0, 38418, 0, 0, 0, 'Wheezer', 'Misc Armor', '', 0, 1, 1, 0, 0, 35, 35, 128, 1, 1.14286, 1, 1.14286, 1, 0, 3.8, 3.8, 0, 46, 1, 0, 0, 1, 0, 2048, 0, 0, 0, 0, 0, 0, 1.9, 1.9, 0, 7, 0, 0, 0, 0, 0, 0, 0, 0, 0, 0, 0, 0, 0, 0, 0, 0, 0, 0, 0, 0, 0, 0, 0, '', 0, 3, 1, 1, 1, 1, 1, 0, 0, 0, 0, 0, 0, 0, 140, 1, 0, 0, 0, '', 15595),
(99995, 0, 0, 0, 0, 0, 38418, 0, 0, 0, 'Wheezer', 'Plate armor', '', 0, 1, 1, 0, 0, 35, 35, 128, 1, 1.14286, 1, 1.14286, 1, 0, 3.8, 3.8, 0, 46, 1, 0, 0, 1, 0, 2048, 0, 0, 0, 0, 0, 0, 1.9, 1.9, 0, 7, 0, 0, 0, 0, 0, 0, 0, 0, 0, 0, 0, 0, 0, 0, 0, 0, 0, 0, 0, 0, 0, 0, 0, '', 0, 3, 1, 1, 1, 1, 1, 0, 0, 0, 0, 0, 0, 0, 140, 1, 0, 0, 0, '', 15595),
(99996, 0, 0, 0, 0, 0, 38418, 0, 0, 0, 'Wheezer', 'Mail armor', '', 0, 1, 1, 0, 0, 35, 35, 128, 1, 1.14286, 1, 1.14286, 1, 0, 3.8, 3.8, 0, 46, 1, 0, 0, 1, 0, 2048, 0, 0, 0, 0, 0, 0, 1.9, 1.9, 0, 7, 0, 0, 0, 0, 0, 0, 0, 0, 0, 0, 0, 0, 0, 0, 0, 0, 0, 0, 0, 0, 0, 0, 0, '', 0, 3, 1, 1, 1, 1, 1, 0, 0, 0, 0, 0, 0, 0, 140, 1, 0, 0, 0, '', 15595),
(99997, 0, 0, 0, 0, 0, 38418, 0, 0, 0, 'Wheezer', 'Leather Armor', '', 0, 1, 1, 0, 0, 35, 35, 128, 1, 1.14286, 1, 1.14286, 1, 0, 3.8, 3.8, 0, 46, 1, 0, 0, 1, 0, 2048, 0, 0, 0, 0, 0, 0, 1.9, 1.9, 0, 7, 0, 0, 0, 0, 0, 0, 0, 0, 0, 0, 0, 0, 0, 0, 0, 0, 0, 0, 0, 0, 0, 0, 0, '', 0, 3, 1, 1, 1, 1, 1, 0, 0, 0, 0, 0, 0, 0, 140, 1, 0, 0, 0, '', 15595),
(99998, 0, 0, 0, 0, 0, 38418, 0, 0, 0, 'Wheezer', 'Cloth Armor', '', 0, 1, 1, 0, 0, 35, 35, 128, 1, 1.14286, 1, 1.14286, 1, 0, 3.8, 3.8, 0, 46, 1, 0, 0, 1, 0, 2048, 0, 0, 0, 0, 0, 0, 1.9, 1.9, 0, 7, 0, 0, 0, 0, 0, 0, 0, 0, 0, 0, 0, 0, 0, 0, 0, 0, 0, 0, 0, 0, 0, 0, 0, '', 0, 3, 1, 1, 1, 1, 1, 0, 0, 0, 0, 0, 0, 0, 140, 1, 0, 0, 0, '', 15595),
(99999, 0, 0, 0, 0, 0, 38418, 0, 0, 0, 'Wheezer', 'Weapons', '', 0, 1, 1, 0, 0, 35, 35, 128, 1, 1.14286, 1, 1.14286, 1, 0, 3.8, 3.8, 0, 46, 1, 0, 0, 1, 0, 2048, 0, 0, 0, 0, 0, 0, 1.9, 1.9, 0, 7, 0, 0, 0, 0, 0, 0, 0, 0, 0, 0, 0, 0, 0, 0, 0, 0, 0, 0, 0, 0, 0, 0, 0, '', 0, 3, 1, 1, 1, 1, 1, 0, 0, 0, 0, 0, 0, 0, 140, 1, 0, 0, 0, '', 15595),
(100000, 0, 0, 0, 0, 0, 38418, 0, 0, 0, 'Wheezer', 'Gem Vendor 2', '', 0, 1, 1, 0, 0, 35, 35, 128, 1, 1.14286, 1, 1.14286, 1, 0, 3.8, 3.8, 0, 46, 1, 0, 0, 1, 0, 2048, 0, 0, 0, 0, 0, 0, 1.9, 1.9, 0, 7, 0, 0, 0, 0, 0, 0, 0, 0, 0, 0, 0, 0, 0, 0, 0, 0, 0, 0, 0, 0, 0, 0, 0, '', 0, 3, 1, 1, 1, 1, 1, 0, 0, 0, 0, 0, 0, 0, 140, 1, 0, 0, 0, '', 15595),
(100001, 0, 0, 0, 0, 0, 38418, 0, 0, 0, 'Wheezer', 'Food', '', 0, 1, 1, 0, 0, 35, 35, 128, 1, 1.14286, 1, 1.14286, 1, 0, 3.8, 3.8, 0, 46, 1, 0, 0, 1, 0, 2048, 0, 0, 0, 0, 0, 0, 1.9, 1.9, 0, 7, 0, 0, 0, 0, 0, 0, 0, 0, 0, 0, 0, 0, 0, 0, 0, 0, 0, 0, 0, 0, 0, 0, 0, '', 0, 3, 1, 1, 1, 1, 1, 0, 0, 0, 0, 0, 0, 0, 140, 1, 0, 0, 0, '', 15595),
(100002, 0, 0, 0, 0, 0, 38418, 0, 0, 0, 'Wheezer', 'Misc 2', '', 0, 1, 1, 0, 0, 35, 35, 128, 1, 1.14286, 1, 1.14286, 1, 0, 3.8, 3.8, 0, 46, 1, 0, 0, 1, 0, 2048, 0, 0, 0, 0, 0, 0, 1.9, 1.9, 0, 7, 0, 0, 0, 0, 0, 0, 0, 0, 0, 0, 0, 0, 0, 0, 0, 0, 0, 0, 0, 0, 0, 0, 0, '', 0, 3, 1, 1, 1, 1, 1, 0, 0, 0, 0, 0, 0, 0, 140, 1, 0, 0, 0, '', 15595);


delete from npc_vendor where entry between 99989 and 100010;
REPLACE INTO npc_vendor(entry, slot, item, maxcount, incrtime, ExtendedCost, type) VALUES 
(99989, 0, 45602, 0, 0, 0, 1),
(99989, 0, 45601, 0, 0, 0, 1),
(99989, 0, 44955, 0, 0, 0, 1),
(99989, 0, 44928, 0, 0, 0, 1),
(99989, 0, 44923, 0, 0, 0, 1),
(99989, 0, 44922, 0, 0, 0, 1),
(99989, 0, 44920, 0, 0, 0, 1),
(99989, 0, 43332, 0, 0, 0, 1),
(99989, 0, 43334, 0, 0, 0, 1),
(99989, 0, 43335, 0, 0, 0, 1),
(99989, 0, 43336, 0, 0, 0, 1),
(99989, 0, 43337, 0, 0, 0, 1),
(99989, 0, 43338, 0, 0, 0, 1),
(99989, 0, 43339, 0, 0, 0, 1),
(99989, 0, 43340, 0, 0, 0, 1),
(99989, 0, 43342, 0, 0, 0, 1),
(99989, 0, 43343, 0, 0, 0, 1),
(99989, 0, 43344, 0, 0, 0, 1),
(99989, 0, 45603, 0, 0, 0, 1),
(99989, 0, 45744, 0, 0, 0, 1),
(99989, 0, 43869, 0, 0, 0, 1),
(99989, 0, 43868, 0, 0, 0, 1),
(99989, 0, 43867, 0, 0, 0, 1),
(99989, 0, 43827, 0, 0, 0, 1),
(99989, 0, 43826, 0, 0, 0, 1),
(99989, 0, 43825, 0, 0, 0, 1),
(99989, 0, 43725, 0, 0, 0, 1),
(99989, 0, 43674, 0, 0, 0, 1),
(99989, 0, 43673, 0, 0, 0, 1),
(99989, 0, 43672, 0, 0, 0, 1),
(99989, 0, 43671, 0, 0, 0, 1),
(99989, 0, 43554, 0, 0, 0, 1),
(99989, 0, 44684, 0, 0, 0, 1),
(99989, 0, 45625, 0, 0, 0, 1),
(99989, 0, 45623, 0, 0, 0, 1),
(99989, 0, 45622, 0, 0, 0, 1),
(99989, 0, 45604, 0, 0, 0, 1),
(99989, 0, 43350, 0, 0, 0, 1),
(99989, 0, 43377, 0, 0, 0, 1),
(99989, 0, 43378, 0, 0, 0, 1),
(99989, 0, 43379, 0, 0, 0, 1),
(99989, 0, 43380, 0, 0, 0, 1),
(99989, 0, 43381, 0, 0, 0, 1),
(99989, 0, 43384, 0, 0, 0, 1),
(99989, 0, 43355, 0, 0, 0, 1),
(99989, 0, 43356, 0, 0, 0, 1),
(99989, 0, 43359, 0, 0, 0, 1),
(99989, 0, 43360, 0, 0, 0, 1),
(99989, 0, 43361, 0, 0, 0, 1),
(99989, 0, 43362, 0, 0, 0, 1),
(99989, 0, 43364, 0, 0, 0, 1),
(99989, 0, 43365, 0, 0, 0, 1),
(99989, 0, 43366, 0, 0, 0, 1),
(99989, 0, 43367, 0, 0, 0, 1),
(99989, 0, 43368, 0, 0, 0, 1),
(99989, 0, 43369, 0, 0, 0, 1),
(99989, 0, 43376, 0, 0, 0, 1),
(99989, 0, 42965, 0, 0, 0, 1),
(99989, 0, 42966, 0, 0, 0, 1),
(99989, 0, 42967, 0, 0, 0, 1),
(99989, 0, 42968, 0, 0, 0, 1),
(99989, 0, 42969, 0, 0, 0, 1),
(99989, 0, 42970, 0, 0, 0, 1),
(99989, 0, 42971, 0, 0, 0, 1),
(99989, 0, 42972, 0, 0, 0, 1),
(99989, 0, 42973, 0, 0, 0, 1),
(99989, 0, 42974, 0, 0, 0, 1),
(99989, 0, 43316, 0, 0, 0, 1),
(99989, 0, 43331, 0, 0, 0, 1),
(99989, 0, 43351, 0, 0, 0, 1),
(99989, 0, 43370, 0, 0, 0, 1),
(99989, 0, 43371, 0, 0, 0, 1),
(99989, 0, 43372, 0, 0, 0, 1),
(99989, 0, 43373, 0, 0, 0, 1),
(99989, 0, 43374, 0, 0, 0, 1),
(99989, 0, 43546, 0, 0, 0, 1),
(99989, 0, 43544, 0, 0, 0, 1),
(99989, 0, 43543, 0, 0, 0, 1),
(99989, 0, 43542, 0, 0, 0, 1),
(99989, 0, 43541, 0, 0, 0, 1),
(99989, 0, 43539, 0, 0, 0, 1),
(99989, 0, 43397, 0, 0, 0, 1),
(99989, 0, 43396, 0, 0, 0, 1),
(99989, 0, 43395, 0, 0, 0, 1),
(99989, 0, 43394, 0, 0, 0, 1),
(99989, 0, 43393, 0, 0, 0, 1),
(99989, 0, 43392, 0, 0, 0, 1),
(99989, 0, 43391, 0, 0, 0, 1),
(99989, 0, 43390, 0, 0, 0, 1),
(99989, 0, 43389, 0, 0, 0, 1),
(99989, 0, 43388, 0, 0, 0, 1),
(99989, 0, 43386, 0, 0, 0, 1),
(99989, 0, 43385, 0, 0, 0, 1),
(99989, 0, 43547, 0, 0, 0, 1),
(99989, 0, 43536, 0, 0, 0, 1),
(99989, 0, 43535, 0, 0, 0, 1),
(99989, 0, 43534, 0, 0, 0, 1),
(99989, 0, 43533, 0, 0, 0, 1),
(99989, 0, 43432, 0, 0, 0, 1),
(99989, 0, 43431, 0, 0, 0, 1),
(99989, 0, 43430, 0, 0, 0, 1),
(99989, 0, 43428, 0, 0, 0, 1),
(99989, 0, 43427, 0, 0, 0, 1),
(99989, 0, 43425, 0, 0, 0, 1),
(99989, 0, 43424, 0, 0, 0, 1),
(99989, 0, 43423, 0, 0, 0, 1),
(99989, 0, 43537, 0, 0, 0, 1),
(99989, 0, 43552, 0, 0, 0, 1),
(99989, 0, 43551, 0, 0, 0, 1),
(99989, 0, 43550, 0, 0, 0, 1),
(99989, 0, 43549, 0, 0, 0, 1),
(99989, 0, 43548, 0, 0, 0, 1),
(99989, 0, 43398, 0, 0, 0, 1),
(99989, 0, 45736, 0, 0, 0, 1),
(99989, 0, 45735, 0, 0, 0, 1),
(99989, 0, 45734, 0, 0, 0, 1),
(99989, 0, 45733, 0, 0, 0, 1),
(99989, 0, 45732, 0, 0, 0, 1),
(99989, 0, 45731, 0, 0, 0, 1),
(99989, 0, 45743, 0, 0, 0, 1),
(99989, 0, 45762, 0, 0, 0, 1),
(99989, 0, 45761, 0, 0, 0, 1),
(99989, 0, 45760, 0, 0, 0, 1),
(99989, 0, 45758, 0, 0, 0, 1),
(99989, 0, 45757, 0, 0, 0, 1),
(99989, 0, 45756, 0, 0, 0, 1),
(99989, 0, 45755, 0, 0, 0, 1),
(99989, 0, 45753, 0, 0, 0, 1),
(99989, 0, 45747, 0, 0, 0, 1),
(99989, 0, 45746, 0, 0, 0, 1),
(99989, 0, 45745, 0, 0, 0, 1),
(99989, 0, 45737, 0, 0, 0, 1),
(99989, 0, 43422, 0, 0, 0, 1),
(99989, 0, 43421, 0, 0, 0, 1),
(99989, 0, 43419, 0, 0, 0, 1),
(99989, 0, 43418, 0, 0, 0, 1),
(99989, 0, 43417, 0, 0, 0, 1),
(99989, 0, 43416, 0, 0, 0, 1),
(99989, 0, 43415, 0, 0, 0, 1),
(99989, 0, 43414, 0, 0, 0, 1),
(99989, 0, 43413, 0, 0, 0, 1),
(99989, 0, 45738, 0, 0, 0, 1),
(99989, 0, 45739, 0, 0, 0, 1),
(99989, 0, 45740, 0, 0, 0, 1),
(99989, 0, 45741, 0, 0, 0, 1),
(99989, 0, 45742, 0, 0, 0, 1),
(99989, 0, 43553, 0, 0, 0, 1),
(99989, 0, 43399, 0, 0, 0, 1),
(99989, 0, 43400, 0, 0, 0, 1),
(99989, 0, 43412, 0, 0, 0, 1),
(99990, 0, 42956, 0, 0, 0, 1),
(99990, 0, 42957, 0, 0, 0, 1),
(99990, 0, 42958, 0, 0, 0, 1),
(99990, 0, 42959, 0, 0, 0, 1),
(99990, 0, 42960, 0, 0, 0, 1),
(99990, 0, 42961, 0, 0, 0, 1),
(99990, 0, 42962, 0, 0, 0, 1),
(99990, 0, 42963, 0, 0, 0, 1),
(99990, 0, 42964, 0, 0, 0, 1),
(99990, 0, 42955, 0, 0, 0, 1),
(99990, 0, 42954, 0, 0, 0, 1),
(99990, 0, 42917, 0, 0, 0, 1),
(99990, 0, 42915, 0, 0, 0, 1),
(99990, 0, 42914, 0, 0, 0, 1),
(99990, 0, 42913, 0, 0, 0, 1),
(99990, 0, 42912, 0, 0, 0, 1),
(99990, 0, 42911, 0, 0, 0, 1),
(99990, 0, 42910, 0, 0, 0, 1),
(99990, 0, 42909, 0, 0, 0, 1),
(99990, 0, 42908, 0, 0, 0, 1),
(99990, 0, 42907, 0, 0, 0, 1),
(99990, 0, 42906, 0, 0, 0, 1),
(99990, 0, 42905, 0, 0, 0, 1),
(99990, 0, 42904, 0, 0, 0, 1),
(99990, 0, 42903, 0, 0, 0, 1),
(99990, 0, 42902, 0, 0, 0, 1),
(99990, 0, 42901, 0, 0, 0, 1),
(99990, 0, 42900, 0, 0, 0, 1),
(99990, 0, 42899, 0, 0, 0, 1),
(99990, 0, 42898, 0, 0, 0, 1),
(99990, 0, 42897, 0, 0, 0, 1),
(99990, 0, 42754, 0, 0, 0, 1),
(99990, 0, 42753, 0, 0, 0, 1),
(99990, 0, 42752, 0, 0, 0, 1),
(99990, 0, 42751, 0, 0, 0, 1),
(99990, 0, 42749, 0, 0, 0, 1),
(99990, 0, 42748, 0, 0, 0, 1),
(99990, 0, 42746, 0, 0, 0, 1),
(99990, 0, 42745, 0, 0, 0, 1),
(99990, 0, 42744, 0, 0, 0, 1),
(99990, 0, 42743, 0, 0, 0, 1),
(99990, 0, 42742, 0, 0, 0, 1),
(99990, 0, 42741, 0, 0, 0, 1),
(99990, 0, 42739, 0, 0, 0, 1),
(99990, 0, 42738, 0, 0, 0, 1),
(99990, 0, 42737, 0, 0, 0, 1),
(99990, 0, 42736, 0, 0, 0, 1),
(99990, 0, 42465, 0, 0, 0, 1),
(99990, 0, 42466, 0, 0, 0, 1),
(99990, 0, 42467, 0, 0, 0, 1),
(99990, 0, 42468, 0, 0, 0, 1),
(99990, 0, 42470, 0, 0, 0, 1),
(99990, 0, 42471, 0, 0, 0, 1),
(99990, 0, 42472, 0, 0, 0, 1),
(99990, 0, 42473, 0, 0, 0, 1),
(99990, 0, 42735, 0, 0, 0, 1),
(99990, 0, 42464, 0, 0, 0, 1),
(99990, 0, 42463, 0, 0, 0, 1),
(99990, 0, 42462, 0, 0, 0, 1),
(99990, 0, 42461, 0, 0, 0, 1),
(99990, 0, 42460, 0, 0, 0, 1),
(99990, 0, 42459, 0, 0, 0, 1),
(99990, 0, 42458, 0, 0, 0, 1),
(99990, 0, 42457, 0, 0, 0, 1),
(99990, 0, 42456, 0, 0, 0, 1),
(99990, 0, 42455, 0, 0, 0, 1),
(99990, 0, 42454, 0, 0, 0, 1),
(99990, 0, 42453, 0, 0, 0, 1),
(99990, 0, 42417, 0, 0, 0, 1),
(99990, 0, 42416, 0, 0, 0, 1),
(99990, 0, 42415, 0, 0, 0, 1),
(99990, 0, 42414, 0, 0, 0, 1),
(99990, 0, 42412, 0, 0, 0, 1),
(99990, 0, 42411, 0, 0, 0, 1),
(99990, 0, 42410, 0, 0, 0, 1),
(99990, 0, 42409, 0, 0, 0, 1),
(99990, 0, 42408, 0, 0, 0, 1),
(99990, 0, 42407, 0, 0, 0, 1),
(99990, 0, 42406, 0, 0, 0, 1),
(99990, 0, 42405, 0, 0, 0, 1),
(99990, 0, 42404, 0, 0, 0, 1),
(99990, 0, 42403, 0, 0, 0, 1),
(99990, 0, 42402, 0, 0, 0, 1),
(99990, 0, 42401, 0, 0, 0, 1),
(99990, 0, 42400, 0, 0, 0, 1),
(99990, 0, 42399, 0, 0, 0, 1),
(99990, 0, 42398, 0, 0, 0, 1),
(99990, 0, 42397, 0, 0, 0, 1),
(99990, 0, 42396, 0, 0, 0, 1),
(99990, 0, 41552, 0, 0, 0, 1),
(99990, 0, 41547, 0, 0, 0, 1),
(99990, 0, 41542, 0, 0, 0, 1),
(99990, 0, 41541, 0, 0, 0, 1),
(99990, 0, 41540, 0, 0, 0, 1),
(99990, 0, 41531, 0, 0, 0, 1),
(99990, 0, 41532, 0, 0, 0, 1),
(99990, 0, 41533, 0, 0, 0, 1),
(99990, 0, 41534, 0, 0, 0, 1),
(99990, 0, 41535, 0, 0, 0, 1),
(99990, 0, 41536, 0, 0, 0, 1),
(99990, 0, 41537, 0, 0, 0, 1),
(99990, 0, 41538, 0, 0, 0, 1),
(99990, 0, 41539, 0, 0, 0, 1),
(99990, 0, 41530, 0, 0, 0, 1),
(99990, 0, 41529, 0, 0, 0, 1),
(99990, 0, 41527, 0, 0, 0, 1),
(99990, 0, 41526, 0, 0, 0, 1),
(99990, 0, 41524, 0, 0, 0, 1),
(99990, 0, 41518, 0, 0, 0, 1),
(99990, 0, 41517, 0, 0, 0, 1),
(99990, 0, 41110, 0, 0, 0, 1),
(99990, 0, 41109, 0, 0, 0, 1),
(99990, 0, 41108, 0, 0, 0, 1),
(99990, 0, 41107, 0, 0, 0, 1),
(99990, 0, 41106, 0, 0, 0, 1),
(99990, 0, 41105, 0, 0, 0, 1),
(99990, 0, 41104, 0, 0, 0, 1),
(99990, 0, 41103, 0, 0, 0, 1),
(99990, 0, 41102, 0, 0, 0, 1),
(99990, 0, 41101, 0, 0, 0, 1),
(99990, 0, 41100, 0, 0, 0, 1),
(99990, 0, 41099, 0, 0, 0, 1),
(99990, 0, 41098, 0, 0, 0, 1),
(99990, 0, 41097, 0, 0, 0, 1),
(99990, 0, 41096, 0, 0, 0, 1),
(99990, 0, 41095, 0, 0, 0, 1),
(99990, 0, 41094, 0, 0, 0, 1),
(99990, 0, 41092, 0, 0, 0, 1),
(99990, 0, 40948, 0, 0, 0, 1),
(99990, 0, 40924, 0, 0, 0, 1),
(99990, 0, 40923, 0, 0, 0, 1),
(99990, 0, 40922, 0, 0, 0, 1),
(99990, 0, 40921, 0, 0, 0, 1),
(99990, 0, 40920, 0, 0, 0, 1),
(99990, 0, 40919, 0, 0, 0, 1),
(99990, 0, 40916, 0, 0, 0, 1),
(99990, 0, 40915, 0, 0, 0, 1),
(99990, 0, 40914, 0, 0, 0, 1),
(99990, 0, 40913, 0, 0, 0, 1),
(99990, 0, 40912, 0, 0, 0, 1),
(99990, 0, 40909, 0, 0, 0, 1),
(99990, 0, 40896, 0, 0, 0, 1),
(99990, 0, 40897, 0, 0, 0, 1),
(99990, 0, 40899, 0, 0, 0, 1),
(99990, 0, 40900, 0, 0, 0, 1),
(99990, 0, 40901, 0, 0, 0, 1),
(99990, 0, 40902, 0, 0, 0, 1),
(99990, 0, 40903, 0, 0, 0, 1),
(99990, 0, 40906, 0, 0, 0, 1),
(99990, 0, 40908, 0, 0, 0, 1),
(99991, 0, 52123, 0, 0, 0, 1),
(99991, 0, 52124, 0, 0, 0, 1),
(99991, 0, 52125, 0, 0, 0, 1),
(99991, 0, 52122, 0, 0, 0, 1),
(99991, 0, 52121, 0, 0, 0, 1),
(99991, 0, 52120, 0, 0, 0, 1),
(99991, 0, 52119, 0, 0, 0, 1),
(99991, 0, 52118, 0, 0, 0, 1),
(99991, 0, 52117, 0, 0, 0, 1),
(99991, 0, 52116, 0, 0, 0, 1),
(99991, 0, 52126, 0, 0, 0, 1),
(99991, 0, 52127, 0, 0, 0, 1),
(99991, 0, 52128, 0, 0, 0, 1),
(99991, 0, 52338, 0, 0, 0, 1),
(99991, 0, 52182, 0, 0, 0, 1),
(99991, 0, 52181, 0, 0, 0, 1),
(99991, 0, 52180, 0, 0, 0, 1),
(99991, 0, 52179, 0, 0, 0, 1),
(99991, 0, 52178, 0, 0, 0, 1),
(99991, 0, 52177, 0, 0, 0, 1),
(99991, 0, 52097, 0, 0, 0, 1),
(99991, 0, 52096, 0, 0, 0, 1),
(99991, 0, 52095, 0, 0, 0, 1),
(99991, 0, 52094, 0, 0, 0, 1),
(99991, 0, 52093, 0, 0, 0, 1),
(99991, 0, 52092, 0, 0, 0, 1),
(99991, 0, 52091, 0, 0, 0, 1),
(99991, 0, 52090, 0, 0, 0, 1),
(99991, 0, 52089, 0, 0, 0, 1),
(99991, 0, 52088, 0, 0, 0, 1),
(99991, 0, 52087, 0, 0, 0, 1),
(99991, 0, 52086, 0, 0, 0, 1),
(99991, 0, 52085, 0, 0, 0, 1),
(99991, 0, 52084, 0, 0, 0, 1),
(99991, 0, 52083, 0, 0, 0, 1),
(99991, 0, 52082, 0, 0, 0, 1),
(99991, 0, 52081, 0, 0, 0, 1),
(99991, 0, 52098, 0, 0, 0, 1),
(99991, 0, 52115, 0, 0, 0, 1),
(99991, 0, 52114, 0, 0, 0, 1),
(99991, 0, 52113, 0, 0, 0, 1),
(99991, 0, 52112, 0, 0, 0, 1),
(99991, 0, 52111, 0, 0, 0, 1),
(99991, 0, 52110, 0, 0, 0, 1),
(99991, 0, 52109, 0, 0, 0, 1),
(99991, 0, 52108, 0, 0, 0, 1),
(99991, 0, 52107, 0, 0, 0, 1),
(99991, 0, 52099, 0, 0, 0, 1),
(99991, 0, 52100, 0, 0, 0, 1),
(99991, 0, 52101, 0, 0, 0, 1),
(99991, 0, 52102, 0, 0, 0, 1),
(99991, 0, 52103, 0, 0, 0, 1),
(99991, 0, 52104, 0, 0, 0, 1),
(99991, 0, 52105, 0, 0, 0, 1),
(99991, 0, 52106, 0, 0, 0, 1),
(99991, 0, 52164, 0, 0, 0, 1),
(99991, 0, 52165, 0, 0, 0, 1),
(99991, 0, 52166, 0, 0, 0, 1),
(99991, 0, 52167, 0, 0, 0, 1),
(99991, 0, 52168, 0, 0, 0, 1),
(99991, 0, 52169, 0, 0, 0, 1),
(99991, 0, 52170, 0, 0, 0, 1),
(99991, 0, 52171, 0, 0, 0, 1),
(99991, 0, 52172, 0, 0, 0, 1),
(99991, 0, 52173, 0, 0, 0, 1),
(99991, 0, 52174, 0, 0, 0, 1),
(99991, 0, 52175, 0, 0, 0, 1),
(99991, 0, 52176, 0, 0, 0, 1),
(99991, 0, 52145, 0, 0, 0, 1),
(99991, 0, 52144, 0, 0, 0, 1),
(99991, 0, 52143, 0, 0, 0, 1),
(99991, 0, 52142, 0, 0, 0, 1),
(99991, 0, 52141, 0, 0, 0, 1),
(99991, 0, 52140, 0, 0, 0, 1),
(99991, 0, 52139, 0, 0, 0, 1),
(99991, 0, 52138, 0, 0, 0, 1),
(99991, 0, 52137, 0, 0, 0, 1),
(99991, 0, 52136, 0, 0, 0, 1),
(99991, 0, 52135, 0, 0, 0, 1),
(99991, 0, 52134, 0, 0, 0, 1),
(99991, 0, 52133, 0, 0, 0, 1),
(99991, 0, 52132, 0, 0, 0, 1),
(99991, 0, 52131, 0, 0, 0, 1),
(99991, 0, 52130, 0, 0, 0, 1),
(99991, 0, 52129, 0, 0, 0, 1),
(99991, 0, 52146, 0, 0, 0, 1),
(99991, 0, 52148, 0, 0, 0, 1),
(99991, 0, 52149, 0, 0, 0, 1),
(99991, 0, 52150, 0, 0, 0, 1),
(99991, 0, 52151, 0, 0, 0, 1),
(99991, 0, 52152, 0, 0, 0, 1),
(99991, 0, 52153, 0, 0, 0, 1),
(99991, 0, 52154, 0, 0, 0, 1),
(99991, 0, 52155, 0, 0, 0, 1),
(99991, 0, 52156, 0, 0, 0, 1),
(99991, 0, 52157, 0, 0, 0, 1),
(99991, 0, 52158, 0, 0, 0, 1),
(99991, 0, 52159, 0, 0, 0, 1),
(99991, 0, 52160, 0, 0, 0, 1),
(99991, 0, 52161, 0, 0, 0, 1),
(99991, 0, 52162, 0, 0, 0, 1),
(99991, 0, 52163, 0, 0, 0, 1),
(99991, 0, 52147, 0, 0, 0, 1),
(99991, 0, 71838, 0, 0, 0, 1),
(99991, 0, 71837, 0, 0, 0, 1),
(99991, 0, 71836, 0, 0, 0, 1),
(99991, 0, 71835, 0, 0, 0, 1),
(99991, 0, 71834, 0, 0, 0, 1),
(99991, 0, 71833, 0, 0, 0, 1),
(99991, 0, 71832, 0, 0, 0, 1),
(99991, 0, 71831, 0, 0, 0, 1),
(99991, 0, 71830, 0, 0, 0, 1),
(99991, 0, 71829, 0, 0, 0, 1),
(99991, 0, 71828, 0, 0, 0, 1),
(99991, 0, 71839, 0, 0, 0, 1),
(99991, 0, 71840, 0, 0, 0, 1),
(99991, 0, 71841, 0, 0, 0, 1),
(99991, 0, 71842, 0, 0, 0, 1),
(99991, 0, 71843, 0, 0, 0, 1),
(99991, 0, 71844, 0, 0, 0, 1),
(99991, 0, 71845, 0, 0, 0, 1),
(99991, 0, 71846, 0, 0, 0, 1),
(99991, 0, 71847, 0, 0, 0, 1),
(99991, 0, 71848, 0, 0, 0, 1),
(99991, 0, 71849, 0, 0, 0, 1),
(99991, 0, 71850, 0, 0, 0, 1),
(99991, 0, 52191, 0, 0, 0, 1),
(99991, 0, 52256, 0, 0, 0, 1),
(99991, 0, 52190, 0, 0, 0, 1),
(99991, 0, 68356, 0, 0, 0, 1),
(99991, 0, 68357, 0, 0, 0, 1),
(99991, 0, 68358, 0, 0, 0, 1),
(99991, 0, 68741, 0, 0, 0, 1),
(99991, 0, 71805, 0, 0, 0, 1),
(99991, 0, 71806, 0, 0, 0, 1),
(99991, 0, 71807, 0, 0, 0, 1),
(99991, 0, 71808, 0, 0, 0, 1),
(99991, 0, 71809, 0, 0, 0, 1),
(99991, 0, 71810, 0, 0, 0, 1),
(99991, 0, 71817, 0, 0, 0, 1),
(99991, 0, 71818, 0, 0, 0, 1),
(99991, 0, 71819, 0, 0, 0, 1),
(99991, 0, 71820, 0, 0, 0, 1),
(99991, 0, 71822, 0, 0, 0, 1),
(99991, 0, 71823, 0, 0, 0, 1),
(99991, 0, 71824, 0, 0, 0, 1),
(99991, 0, 71825, 0, 0, 0, 1),
(99991, 0, 71826, 0, 0, 0, 1),
(99991, 0, 71827, 0, 0, 0, 1),
(99991, 0, 71851, 0, 0, 0, 1),
(99992, 0, 50045, 0, 0, 0, 1),
(99992, 0, 49084, 0, 0, 0, 1),
(99992, 0, 48720, 0, 0, 0, 1),
(99992, 0, 68039, 0, 0, 0, 1),
(99992, 0, 67487, 0, 0, 0, 1),
(99992, 0, 67486, 0, 0, 0, 1),
(99992, 0, 67485, 0, 0, 0, 1),
(99992, 0, 67484, 0, 0, 0, 1),
(99992, 0, 67483, 0, 0, 0, 1),
(99992, 0, 67482, 0, 0, 0, 1),
(99992, 0, 66918, 0, 0, 0, 1),
(99992, 0, 64493, 0, 0, 0, 1),
(99992, 0, 63539, 0, 0, 0, 1),
(99992, 0, 50077, 0, 0, 0, 1),
(99992, 0, 45764, 0, 0, 0, 1),
(99992, 0, 45766, 0, 0, 0, 1),
(99992, 0, 45767, 0, 0, 0, 1),
(99992, 0, 45768, 0, 0, 0, 1),
(99992, 0, 45769, 0, 0, 0, 1),
(99992, 0, 63416, 0, 0, 0, 1),
(99992, 0, 63415, 0, 0, 0, 1),
(99992, 0, 62773, 0, 0, 0, 1),
(99992, 0, 62767, 0, 0, 0, 1),
(99992, 0, 62766, 0, 0, 0, 1),
(99992, 0, 62765, 0, 0, 0, 1),
(99992, 0, 62764, 0, 0, 0, 1),
(99992, 0, 62763, 0, 0, 0, 1),
(99992, 0, 45770, 0, 0, 0, 1),
(99992, 0, 45806, 0, 0, 0, 1),
(99992, 0, 45804, 0, 0, 0, 1),
(99992, 0, 45800, 0, 0, 0, 1),
(99992, 0, 45799, 0, 0, 0, 1),
(99992, 0, 45797, 0, 0, 0, 1),
(99992, 0, 45795, 0, 0, 0, 1),
(99992, 0, 45794, 0, 0, 0, 1),
(99992, 0, 45793, 0, 0, 0, 1),
(99992, 0, 45792, 0, 0, 0, 1),
(99992, 0, 45790, 0, 0, 0, 1),
(99992, 0, 45789, 0, 0, 0, 1),
(99992, 0, 45785, 0, 0, 0, 1),
(99992, 0, 45771, 0, 0, 0, 1),
(99992, 0, 63481, 0, 0, 0, 1),
(99992, 0, 63420, 0, 0, 0, 1),
(99992, 0, 45908, 0, 0, 0, 1),
(99992, 0, 45783, 0, 0, 0, 1),
(99992, 0, 45782, 0, 0, 0, 1),
(99992, 0, 45781, 0, 0, 0, 1),
(99992, 0, 45780, 0, 0, 0, 1),
(99992, 0, 45772, 0, 0, 0, 1),
(99992, 0, 45775, 0, 0, 0, 1),
(99992, 0, 45776, 0, 0, 0, 1),
(99992, 0, 45777, 0, 0, 0, 1),
(99992, 0, 45778, 0, 0, 0, 1),
(99992, 0, 45779, 0, 0, 0, 1),
(99993, 0, 58090, 0, 0, 0, 1),
(99993, 0, 58089, 0, 0, 0, 1),
(99993, 0, 58084, 0, 0, 0, 1),
(99993, 0, 56551, 0, 0, 0, 1),
(99993, 0, 56550, 0, 0, 0, 1),
(99993, 0, 55057, 0, 0, 0, 1),
(99993, 0, 55056, 0, 0, 0, 1),
(99993, 0, 54444, 0, 0, 0, 1),
(99993, 0, 54450, 0, 0, 0, 1),
(99993, 0, 59594, 0, 0, 0, 1),
(99993, 0, 62298, 0, 0, 0, 1),
(99993, 0, 63140, 0, 0, 0, 1),
(99993, 0, 65460, 0, 0, 0, 1),
(99993, 0, 65499, 0, 0, 0, 1),
(99993, 0, 65891, 0, 0, 0, 1),
(99993, 0, 67107, 0, 0, 0, 1),
(99993, 0, 68140, 0, 0, 0, 1),
(99993, 0, 62251, 0, 0, 0, 1),
(99993, 0, 58092, 0, 0, 0, 1),
(99993, 0, 58093, 0, 0, 0, 1),
(99993, 0, 58094, 0, 0, 0, 1),
(99993, 0, 58142, 0, 0, 0, 1),
(99993, 0, 58143, 0, 0, 0, 1),
(99993, 0, 58144, 0, 0, 0, 1),
(99993, 0, 58146, 0, 0, 0, 1),
(99993, 0, 58148, 0, 0, 0, 1),
(99993, 0, 43987, 0, 0, 0, 1),
(99993, 0, 44449, 0, 0, 0, 1),
(99993, 0, 44453, 0, 0, 0, 1),
(99993, 0, 44455, 0, 0, 0, 1),
(99993, 0, 44456, 0, 0, 0, 1),
(99993, 0, 44457, 0, 0, 0, 1),
(99993, 0, 44458, 0, 0, 0, 1),
(99993, 0, 44463, 0, 0, 0, 1),
(99993, 0, 44465, 0, 0, 0, 1),
(99993, 0, 44466, 0, 0, 0, 1),
(99993, 0, 44467, 0, 0, 0, 1),
(99993, 0, 44469, 0, 0, 0, 1),
(99993, 0, 44470, 0, 0, 0, 1),
(99993, 0, 44493, 0, 0, 0, 1),
(99993, 0, 44497, 0, 0, 0, 1),
(99993, 0, 44815, 0, 0, 0, 1),
(99993, 0, 44936, 0, 0, 0, 1),
(99993, 0, 44946, 0, 0, 0, 1),
(99993, 0, 44947, 0, 0, 0, 1),
(99993, 0, 44963, 0, 0, 0, 1),
(99993, 0, 45056, 0, 0, 0, 1),
(99993, 0, 45060, 0, 0, 0, 1),
(99993, 0, 45628, 0, 0, 0, 1),
(99993, 0, 46026, 0, 0, 0, 1),
(99993, 0, 46098, 0, 0, 0, 1),
(99993, 0, 49130, 0, 0, 0, 1),
(99993, 0, 50816, 0, 0, 0, 1),
(99993, 0, 52687, 0, 0, 0, 1),
(99993, 0, 52743, 0, 0, 0, 1),
(99993, 0, 52744, 0, 0, 0, 1),
(99993, 0, 52745, 0, 0, 0, 1),
(99993, 0, 52746, 0, 0, 0, 1),
(99993, 0, 52747, 0, 0, 0, 1),
(99993, 0, 52748, 0, 0, 0, 1),
(99993, 0, 52749, 0, 0, 0, 1),
(99993, 0, 52750, 0, 0, 0, 1),
(99993, 0, 52751, 0, 0, 0, 1),
(99993, 0, 52752, 0, 0, 0, 1),
(99993, 0, 52753, 0, 0, 0, 1),
(99993, 0, 52754, 0, 0, 0, 1),
(99993, 0, 52755, 0, 0, 0, 1),
(99993, 0, 52756, 0, 0, 0, 1),
(99993, 0, 52757, 0, 0, 0, 1),
(99993, 0, 52758, 0, 0, 0, 1),
(99993, 0, 52759, 0, 0, 0, 1),
(99993, 0, 52760, 0, 0, 0, 1),
(99993, 0, 52761, 0, 0, 0, 1),
(99993, 0, 52762, 0, 0, 0, 1),
(99993, 0, 52763, 0, 0, 0, 1),
(99993, 0, 52764, 0, 0, 0, 1),
(99993, 0, 52765, 0, 0, 0, 1),
(99993, 0, 52766, 0, 0, 0, 1),
(99993, 0, 52767, 0, 0, 0, 1),
(99993, 0, 52768, 0, 0, 0, 1),
(99993, 0, 52769, 0, 0, 0, 1),
(99993, 0, 52770, 0, 0, 0, 1),
(99993, 0, 52771, 0, 0, 0, 1),
(99993, 0, 52772, 0, 0, 0, 1),
(99993, 0, 52773, 0, 0, 0, 1),
(99993, 0, 52774, 0, 0, 0, 1),
(99993, 0, 52775, 0, 0, 0, 1),
(99993, 0, 52776, 0, 0, 0, 1),
(99993, 0, 52777, 0, 0, 0, 1),
(99993, 0, 52778, 0, 0, 0, 1),
(99993, 0, 52779, 0, 0, 0, 1),
(99993, 0, 52780, 0, 0, 0, 1),
(99993, 0, 52781, 0, 0, 0, 1),
(99993, 0, 52782, 0, 0, 0, 1),
(99993, 0, 52783, 0, 0, 0, 1),
(99993, 0, 52784, 0, 0, 0, 1),
(99993, 0, 52785, 0, 0, 0, 1),
(99993, 0, 54447, 0, 0, 0, 1),
(99993, 0, 54448, 0, 0, 0, 1),
(99993, 0, 54449, 0, 0, 0, 1),
(99993, 0, 54450, 0, 0, 0, 1),
(99993, 0, 55054, 0, 0, 0, 1),
(99993, 0, 55055, 0, 0, 0, 1),
(99993, 0, 55056, 0, 0, 0, 1),
(99993, 0, 55057, 0, 0, 0, 1),
(99993, 0, 56477, 0, 0, 0, 1),
(99993, 0, 56502, 0, 0, 0, 1),
(99993, 0, 56503, 0, 0, 0, 1),
(99993, 0, 56517, 0, 0, 0, 1),
(99993, 0, 56550, 0, 0, 0, 1),
(99993, 0, 56551, 0, 0, 0, 1),
(99993, 0, 68134, 0, 0, 0, 1),
(99993, 0, 68784, 0, 0, 0, 1),
(99993, 0, 68785, 0, 0, 0, 1),
(99993, 0, 68786, 0, 0, 0, 1),
(99993, 0, 68796, 0, 0, 0, 1),
(99993, 0, 71720, 0, 0, 0, 1),
(99993, 0, 72070, 0, 0, 0, 1),
(99994, 0, 58180, 0, 0, 0, 1),
(99994, 0, 58181, 0, 0, 0, 1),
(99994, 0, 58182, 0, 0, 0, 1),
(99994, 0, 58183, 0, 0, 0, 1),
(99994, 0, 58184, 0, 0, 0, 1),
(99994, 0, 58483, 0, 0, 0, 1),
(99994, 0, 59224, 0, 0, 0, 1),
(99994, 0, 59326, 0, 0, 0, 1),
(99994, 0, 59332, 0, 0, 0, 1),
(99994, 0, 59354, 0, 0, 0, 1),
(99994, 0, 59441, 0, 0, 0, 1),
(99994, 0, 59461, 0, 0, 0, 1),
(99994, 0, 59473, 0, 0, 0, 1),
(99994, 0, 59500, 0, 0, 0, 1),
(99994, 0, 59506, 0, 0, 0, 1),
(99994, 0, 59514, 0, 0, 0, 1),
(99994, 0, 59515, 0, 0, 0, 1),
(99994, 0, 59519, 0, 0, 0, 1),
(99994, 0, 59520, 0, 0, 0, 1),
(99994, 0, 62047, 0, 0, 0, 1),
(99994, 0, 62048, 0, 0, 0, 1),
(99994, 0, 62049, 0, 0, 0, 1),
(99994, 0, 62050, 0, 0, 0, 1),
(99994, 0, 62051, 0, 0, 0, 1),
(99994, 0, 62463, 0, 0, 0, 1),
(99994, 0, 62464, 0, 0, 0, 1),
(99994, 0, 62465, 0, 0, 0, 1),
(99994, 0, 62466, 0, 0, 0, 1),
(99994, 0, 62467, 0, 0, 0, 1),
(99994, 0, 62468, 0, 0, 0, 1),
(99994, 0, 62469, 0, 0, 0, 1),
(99994, 0, 62470, 0, 0, 0, 1),
(99994, 0, 62471, 0, 0, 0, 1),
(99994, 0, 62472, 0, 0, 0, 1),
(99994, 0, 64645, 0, 0, 0, 1),
(99994, 0, 68776, 0, 0, 0, 1),
(99994, 0, 68775, 0, 0, 0, 1),
(99994, 0, 68777, 0, 0, 0, 1),
(99994, 0, 68709, 0, 0, 0, 1),
(99994, 0, 68710, 0, 0, 0, 1),
(99994, 0, 68711, 0, 0, 0, 1),
(99994, 0, 68712, 0, 0, 0, 1),
(99994, 0, 68713, 0, 0, 0, 1),
(99994, 0, 68812, 0, 0, 0, 1),
(99994, 0, 67139, 0, 0, 0, 1),
(99994, 0, 67136, 0, 0, 0, 1),
(99994, 0, 67129, 0, 0, 0, 1),
(99994, 0, 64904, 0, 0, 0, 1),
(99994, 0, 63499, 0, 0, 0, 1),
(99994, 0, 63494, 0, 0, 0, 1),
(99994, 0, 63489, 0, 0, 0, 1),
(99994, 0, 63488, 0, 0, 0, 1),
(99994, 0, 62362, 0, 0, 0, 1),
(99994, 0, 59518, 0, 0, 0, 1),
(99994, 0, 59501, 0, 0, 0, 1),
(99994, 0, 59233, 0, 0, 0, 1),
(99994, 0, 59220, 0, 0, 0, 1),
(99994, 0, 59121, 0, 0, 0, 1),
(99994, 0, 58189, 0, 0, 0, 1),
(99994, 0, 58188, 0, 0, 0, 1),
(99994, 0, 58187, 0, 0, 0, 1),
(99994, 0, 58185, 0, 0, 0, 1),
(99994, 0, 59319, 0, 0, 0, 1),
(99994, 0, 59442, 0, 0, 0, 1),
(99994, 0, 59483, 0, 0, 0, 1),
(99994, 0, 59512, 0, 0, 0, 1),
(99994, 0, 59517, 0, 0, 0, 1),
(99994, 0, 62416, 0, 0, 0, 1),
(99994, 0, 62434, 0, 0, 0, 1),
(99994, 0, 62447, 0, 0, 0, 1),
(99994, 0, 67138, 0, 0, 0, 1),
(99994, 0, 67137, 0, 0, 0, 1),
(99994, 0, 67130, 0, 0, 0, 1),
(99994, 0, 69827, 0, 0, 0, 1),
(99994, 0, 69828, 0, 0, 0, 1),
(99994, 0, 69829, 0, 0, 0, 1),
(99994, 0, 69830, 0, 0, 0, 1),
(99995, 0, 58195, 0, 0, 0, 1),
(99995, 0, 58197, 0, 0, 0, 1),
(99995, 0, 58198, 0, 0, 0, 1),
(99995, 0, 59117, 0, 0, 0, 1),
(99995, 0, 59118, 0, 0, 0, 1),
(99995, 0, 59216, 0, 0, 0, 1),
(99995, 0, 59217, 0, 0, 0, 1),
(99995, 0, 59221, 0, 0, 0, 1),
(99995, 0, 59225, 0, 0, 0, 1),
(99995, 0, 59311, 0, 0, 0, 1),
(99995, 0, 59316, 0, 0, 0, 1),
(99995, 0, 59317, 0, 0, 0, 1),
(99995, 0, 59327, 0, 0, 0, 1),
(99995, 0, 59328, 0, 0, 0, 1),
(99995, 0, 59340, 0, 0, 0, 1),
(99995, 0, 59342, 0, 0, 0, 1),
(99995, 0, 59344, 0, 0, 0, 1),
(99995, 0, 59349, 0, 0, 0, 1),
(99995, 0, 59356, 0, 0, 0, 1),
(99995, 0, 59450, 0, 0, 0, 1),
(99995, 0, 59464, 0, 0, 0, 1),
(99995, 0, 59465, 0, 0, 0, 1),
(99995, 0, 59470, 0, 0, 0, 1),
(99995, 0, 59471, 0, 0, 0, 1),
(99995, 0, 59476, 0, 0, 0, 1),
(99995, 0, 59486, 0, 0, 0, 1),
(99995, 0, 59487, 0, 0, 0, 1),
(99995, 0, 59497, 0, 0, 0, 1),
(99995, 0, 59503, 0, 0, 0, 1),
(99995, 0, 59505, 0, 0, 0, 1),
(99995, 0, 59509, 0, 0, 0, 1),
(99995, 0, 59901, 0, 0, 0, 1),
(99995, 0, 60323, 0, 0, 0, 1),
(99995, 0, 60324, 0, 0, 0, 1),
(99995, 0, 60325, 0, 0, 0, 1),
(99995, 0, 60326, 0, 0, 0, 1),
(99995, 0, 60327, 0, 0, 0, 1),
(99995, 0, 60328, 0, 0, 0, 1),
(99995, 0, 60329, 0, 0, 0, 1),
(99995, 0, 60330, 0, 0, 0, 1),
(99995, 0, 60331, 0, 0, 0, 1),
(99995, 0, 60332, 0, 0, 0, 1),
(99995, 0, 60339, 0, 0, 0, 1),
(99995, 0, 60340, 0, 0, 0, 1),
(99995, 0, 60341, 0, 0, 0, 1),
(99995, 0, 60342, 0, 0, 0, 1),
(99995, 0, 60343, 0, 0, 0, 1),
(99995, 0, 60344, 0, 0, 0, 1),
(99995, 0, 60345, 0, 0, 0, 1),
(99995, 0, 60346, 0, 0, 0, 1),
(99995, 0, 60347, 0, 0, 0, 1),
(99995, 0, 60348, 0, 0, 0, 1),
(99995, 0, 60349, 0, 0, 0, 1),
(99995, 0, 60350, 0, 0, 0, 1),
(99995, 0, 60351, 0, 0, 0, 1),
(99995, 0, 60352, 0, 0, 0, 1),
(99995, 0, 60353, 0, 0, 0, 1),
(99995, 0, 60354, 0, 0, 0, 1),
(99995, 0, 60355, 0, 0, 0, 1),
(99995, 0, 60356, 0, 0, 0, 1),
(99995, 0, 60357, 0, 0, 0, 1),
(99995, 0, 60358, 0, 0, 0, 1),
(99995, 0, 60359, 0, 0, 0, 1),
(99995, 0, 60360, 0, 0, 0, 1),
(99995, 0, 60361, 0, 0, 0, 1),
(99995, 0, 60362, 0, 0, 0, 1),
(99995, 0, 62384, 0, 0, 0, 1),
(99995, 0, 62386, 0, 0, 0, 1),
(99995, 0, 62418, 0, 0, 0, 1),
(99995, 0, 62432, 0, 0, 0, 1),
(99995, 0, 62448, 0, 0, 0, 1),
(99995, 0, 62449, 0, 0, 0, 1),
(99995, 0, 63093, 0, 0, 0, 1),
(99995, 0, 63491, 0, 0, 0, 1),
(99995, 0, 63495, 0, 0, 0, 1),
(99995, 0, 63498, 0, 0, 0, 1),
(99995, 0, 63500, 0, 0, 0, 1),
(99995, 0, 63501, 0, 0, 0, 1),
(99995, 0, 63504, 0, 0, 0, 1),
(99995, 0, 63531, 0, 0, 0, 1),
(99995, 0, 67141, 0, 0, 0, 1),
(99995, 0, 67143, 0, 0, 0, 1),
(99995, 0, 67144, 0, 0, 0, 1),
(99995, 0, 69842, 0, 0, 0, 1),
(99995, 0, 63490, 0, 0, 0, 1),
(99996, 0, 56538, 0, 0, 0, 1),
(99996, 0, 56539, 0, 0, 0, 1),
(99996, 0, 56563, 0, 0, 0, 1),
(99996, 0, 56564, 0, 0, 0, 1),
(99996, 0, 58185, 0, 0, 0, 1),
(99996, 0, 58199, 0, 0, 0, 1),
(99996, 0, 58481, 0, 0, 0, 1),
(99996, 0, 59119, 0, 0, 0, 1),
(99996, 0, 59121, 0, 0, 0, 1),
(99996, 0, 59222, 0, 0, 0, 1),
(99996, 0, 59310, 0, 0, 0, 1),
(99996, 0, 59315, 0, 0, 0, 1),
(99996, 0, 59324, 0, 0, 0, 1),
(99996, 0, 59331, 0, 0, 0, 1),
(99996, 0, 59334, 0, 0, 0, 1),
(99996, 0, 59346, 0, 0, 0, 1),
(99996, 0, 59350, 0, 0, 0, 1),
(99996, 0, 59355, 0, 0, 0, 1),
(99996, 0, 59472, 0, 0, 0, 1),
(99996, 0, 59481, 0, 0, 0, 1),
(99996, 0, 59483, 0, 0, 0, 1),
(99996, 0, 59485, 0, 0, 0, 1),
(99996, 0, 59499, 0, 0, 0, 1),
(99996, 0, 59504, 0, 0, 0, 1),
(99996, 0, 59510, 0, 0, 0, 1),
(99996, 0, 59518, 0, 0, 0, 1),
(99996, 0, 60201, 0, 0, 0, 1),
(99996, 0, 60303, 0, 0, 0, 1),
(99996, 0, 60304, 0, 0, 0, 1),
(99996, 0, 60305, 0, 0, 0, 1),
(99996, 0, 60306, 0, 0, 0, 1),
(99996, 0, 60307, 0, 0, 0, 1),
(99996, 0, 60308, 0, 0, 0, 1),
(99996, 0, 60309, 0, 0, 0, 1),
(99996, 0, 60310, 0, 0, 0, 1),
(99996, 0, 60311, 0, 0, 0, 1),
(99996, 0, 60312, 0, 0, 0, 1),
(99996, 0, 60313, 0, 0, 0, 1),
(99996, 0, 60314, 0, 0, 0, 1),
(99996, 0, 60315, 0, 0, 0, 1),
(99996, 0, 60316, 0, 0, 0, 1),
(99996, 0, 60317, 0, 0, 0, 1),
(99996, 0, 60318, 0, 0, 0, 1),
(99996, 0, 60319, 0, 0, 0, 1),
(99996, 0, 60320, 0, 0, 0, 1),
(99996, 0, 60321, 0, 0, 0, 1),
(99996, 0, 60322, 0, 0, 0, 1),
(99996, 0, 62362, 0, 0, 0, 1),
(99996, 0, 62363, 0, 0, 0, 1),
(99996, 0, 62385, 0, 0, 0, 1),
(99996, 0, 63488, 0, 0, 0, 1),
(99996, 0, 63492, 0, 0, 0, 1),
(99996, 0, 63496, 0, 0, 0, 1),
(99996, 0, 63499, 0, 0, 0, 1),
(99996, 0, 63502, 0, 0, 0, 1),
(99996, 0, 63505, 0, 0, 0, 1),
(99996, 0, 63535, 0, 0, 0, 1),
(99996, 0, 63540, 0, 0, 0, 1),
(99996, 0, 67139, 0, 0, 0, 1),
(99996, 0, 67150, 0, 0, 0, 1),
(99996, 0, 67148, 0, 0, 0, 1),
(99996, 0, 67136, 0, 0, 0, 1),
(99996, 0, 68812, 0, 0, 0, 1),
(99996, 0, 69876, 0, 0, 0, 1),
(99997, 0, 56536, 0, 0, 0, 1),
(99997, 0, 56537, 0, 0, 0, 1),
(99997, 0, 56561, 0, 0, 0, 1),
(99997, 0, 56562, 0, 0, 0, 1),
(99997, 0, 58482, 0, 0, 0, 1),
(99997, 0, 58484, 0, 0, 0, 1),
(99997, 0, 59120, 0, 0, 0, 1),
(99997, 0, 59218, 0, 0, 0, 1),
(99997, 0, 59223, 0, 0, 0, 1),
(99997, 0, 59312, 0, 0, 0, 1),
(99997, 0, 59318, 0, 0, 0, 1),
(99997, 0, 59321, 0, 0, 0, 1),
(99997, 0, 59329, 0, 0, 0, 1),
(99997, 0, 59335, 0, 0, 0, 1),
(99997, 0, 59343, 0, 0, 0, 1),
(99997, 0, 59353, 0, 0, 0, 1),
(99997, 0, 59451, 0, 0, 0, 1),
(99997, 0, 59467, 0, 0, 0, 1),
(99997, 0, 59469, 0, 0, 0, 1),
(99997, 0, 59484, 0, 0, 0, 1),
(99997, 0, 59490, 0, 0, 0, 1),
(99997, 0, 59495, 0, 0, 0, 1),
(99997, 0, 59502, 0, 0, 0, 1),
(99997, 0, 59511, 0, 0, 0, 1),
(99997, 0, 59513, 0, 0, 0, 1),
(99997, 0, 60202, 0, 0, 0, 1),
(99997, 0, 60276, 0, 0, 0, 1),
(99997, 0, 60277, 0, 0, 0, 1),
(99997, 0, 60278, 0, 0, 0, 1),
(99997, 0, 60279, 0, 0, 0, 1),
(99997, 0, 60280, 0, 0, 0, 1),
(99997, 0, 60281, 0, 0, 0, 1),
(99997, 0, 60282, 0, 0, 0, 1),
(99997, 0, 60283, 0, 0, 0, 1),
(99997, 0, 60284, 0, 0, 0, 1),
(99997, 0, 60285, 0, 0, 0, 1),
(99997, 0, 60286, 0, 0, 0, 1),
(99997, 0, 60287, 0, 0, 0, 1),
(99997, 0, 60288, 0, 0, 0, 1),
(99997, 0, 60289, 0, 0, 0, 1),
(99997, 0, 60290, 0, 0, 0, 1),
(99997, 0, 60298, 0, 0, 0, 1),
(99997, 0, 60299, 0, 0, 0, 1),
(99997, 0, 60300, 0, 0, 0, 1),
(99997, 0, 60301, 0, 0, 0, 1),
(99997, 0, 60302, 0, 0, 0, 1),
(99997, 0, 62417, 0, 0, 0, 1),
(99997, 0, 62420, 0, 0, 0, 1),
(99997, 0, 62431, 0, 0, 0, 1),
(99997, 0, 62433, 0, 0, 0, 1),
(99997, 0, 63493, 0, 0, 0, 1),
(99997, 0, 63497, 0, 0, 0, 1),
(99997, 0, 63503, 0, 0, 0, 1),
(99997, 0, 63506, 0, 0, 0, 1),
(99997, 0, 67135, 0, 0, 0, 1),
(99997, 0, 67149, 0, 0, 0, 1),
(99997, 0, 69877, 0, 0, 0, 1),
(99998, 0, 54503, 0, 0, 0, 1),
(99998, 0, 54504, 0, 0, 0, 1),
(99998, 0, 54505, 0, 0, 0, 1),
(99998, 0, 54506, 0, 0, 0, 1),
(99998, 0, 58190, 0, 0, 0, 1),
(99998, 0, 58191, 0, 0, 0, 1),
(99998, 0, 58192, 0, 0, 0, 1),
(99998, 0, 58193, 0, 0, 0, 1),
(99998, 0, 58194, 0, 0, 0, 1),
(99998, 0, 58485, 0, 0, 0, 1),
(99998, 0, 58486, 0, 0, 0, 1),
(99998, 0, 59219, 0, 0, 0, 1),
(99998, 0, 59234, 0, 0, 0, 1),
(99998, 0, 59313, 0, 0, 0, 1),
(99998, 0, 59322, 0, 0, 0, 1),
(99998, 0, 59325, 0, 0, 0, 1),
(99998, 0, 59336, 0, 0, 0, 1),
(99998, 0, 59337, 0, 0, 0, 1),
(99998, 0, 59348, 0, 0, 0, 1),
(99998, 0, 59351, 0, 0, 0, 1),
(99998, 0, 59359, 0, 0, 0, 1),
(99998, 0, 59448, 0, 0, 0, 1),
(99998, 0, 59449, 0, 0, 0, 1),
(99998, 0, 59452, 0, 0, 0, 1),
(99998, 0, 59453, 0, 0, 0, 1),
(99998, 0, 59454, 0, 0, 0, 1),
(99998, 0, 59455, 0, 0, 0, 1),
(99998, 0, 59456, 0, 0, 0, 1),
(99998, 0, 59457, 0, 0, 0, 1),
(99998, 0, 59458, 0, 0, 0, 1),
(99998, 0, 59466, 0, 0, 0, 1),
(99998, 0, 59468, 0, 0, 0, 1),
(99998, 0, 59475, 0, 0, 0, 1),
(99998, 0, 59482, 0, 0, 0, 1),
(99998, 0, 59498, 0, 0, 0, 1),
(99998, 0, 59507, 0, 0, 0, 1),
(99998, 0, 59508, 0, 0, 0, 1),
(99998, 0, 59516, 0, 0, 0, 1),
(99998, 0, 60211, 0, 0, 0, 1),
(99998, 0, 60243, 0, 0, 0, 1),
(99998, 0, 60244, 0, 0, 0, 1),
(99998, 0, 60245, 0, 0, 0, 1),
(99998, 0, 60246, 0, 0, 0, 1),
(99998, 0, 60247, 0, 0, 0, 1),
(99998, 0, 60248, 0, 0, 0, 1),
(99998, 0, 60249, 0, 0, 0, 1),
(99998, 0, 60250, 0, 0, 0, 1),
(99998, 0, 60251, 0, 0, 0, 1),
(99998, 0, 60252, 0, 0, 0, 1),
(99998, 0, 60253, 0, 0, 0, 1),
(99998, 0, 60254, 0, 0, 0, 1),
(99998, 0, 60255, 0, 0, 0, 1),
(99998, 0, 60256, 0, 0, 0, 1),
(99998, 0, 60257, 0, 0, 0, 1),
(99998, 0, 60258, 0, 0, 0, 1),
(99998, 0, 60259, 0, 0, 0, 1),
(99998, 0, 60261, 0, 0, 0, 1),
(99998, 0, 60262, 0, 0, 0, 1),
(99998, 0, 60275, 0, 0, 0, 1),
(99998, 0, 62364, 0, 0, 0, 1),
(99998, 0, 62383, 0, 0, 0, 1),
(99998, 0, 62450, 0, 0, 0, 1),
(99998, 0, 63507, 0, 0, 0, 1),
(99998, 0, 63534, 0, 0, 0, 1),
(99998, 0, 65274, 0, 0, 0, 1),
(99998, 0, 65360, 0, 0, 0, 1),
(99998, 0, 67131, 0, 0, 0, 1),
(99998, 0, 67142, 0, 0, 0, 1),
(99998, 0, 67146, 0, 0, 0, 1),
(99998, 0, 67147, 0, 0, 0, 1),
(99998, 0, 67134, 0, 0, 0, 1),
(99998, 0, 67140, 0, 0, 0, 1),
(99998, 0, 67133, 0, 0, 0, 1),
(99998, 0, 67132, 0, 0, 0, 1),
(99998, 0, 69831, 0, 0, 0, 1),
(99998, 0, 69833, 0, 0, 0, 1),
(99998, 0, 69834, 0, 0, 0, 1),
(99998, 0, 69835, 0, 0, 0, 1),
(99999, 0, 59122, 0, 0, 0, 1),
(99999, 0, 59314, 0, 0, 0, 1),
(99999, 0, 59320, 0, 0, 0, 1),
(99999, 0, 59330, 0, 0, 0, 1),
(99999, 0, 59333, 0, 0, 0, 1),
(99999, 0, 59341, 0, 0, 0, 1),
(99999, 0, 59347, 0, 0, 0, 1),
(99999, 0, 59443, 0, 0, 0, 1),
(99999, 0, 59459, 0, 0, 0, 1),
(99999, 0, 59460, 0, 0, 0, 1),
(99999, 0, 59462, 0, 0, 0, 1),
(99999, 0, 59463, 0, 0, 0, 1),
(99999, 0, 59474, 0, 0, 0, 1),
(99999, 0, 59492, 0, 0, 0, 1),
(99999, 0, 59494, 0, 0, 0, 1),
(99999, 0, 59521, 0, 0, 0, 1),
(99999, 0, 59525, 0, 0, 0, 1),
(99999, 0, 60210, 0, 0, 0, 1),
(99999, 0, 61324, 0, 0, 0, 1),
(99999, 0, 61325, 0, 0, 0, 1),
(99999, 0, 61326, 0, 0, 0, 1),
(99999, 0, 61327, 0, 0, 0, 1),
(99999, 0, 61328, 0, 0, 0, 1),
(99999, 0, 61329, 0, 0, 0, 1),
(99999, 0, 61330, 0, 0, 0, 1),
(99999, 0, 61331, 0, 0, 0, 1),
(99999, 0, 61332, 0, 0, 0, 1),
(99999, 0, 61333, 0, 0, 0, 1),
(99999, 0, 61335, 0, 0, 0, 1),
(99999, 0, 61336, 0, 0, 0, 1),
(99999, 0, 61338, 0, 0, 0, 1),
(99999, 0, 61339, 0, 0, 0, 1),
(99999, 0, 61340, 0, 0, 0, 1),
(99999, 0, 61341, 0, 0, 0, 1),
(99999, 0, 61342, 0, 0, 0, 1),
(99999, 0, 61343, 0, 0, 0, 1),
(99999, 0, 61344, 0, 0, 0, 1),
(99999, 0, 61345, 0, 0, 0, 1),
(99999, 0, 61346, 0, 0, 0, 1),
(99999, 0, 61347, 0, 0, 0, 1),
(99999, 0, 61348, 0, 0, 0, 1),
(99999, 0, 61350, 0, 0, 0, 1),
(99999, 0, 61351, 0, 0, 0, 1),
(99999, 0, 61353, 0, 0, 0, 1),
(99999, 0, 61354, 0, 0, 0, 1),
(99999, 0, 61355, 0, 0, 0, 1),
(99999, 0, 63532, 0, 0, 0, 1),
(99999, 0, 63533, 0, 0, 0, 1),
(99999, 0, 63536, 0, 0, 0, 1),
(99999, 0, 63537, 0, 0, 0, 1),
(99999, 0, 63538, 0, 0, 0, 1),
(99999, 0, 63679, 0, 0, 0, 1),
(99999, 0, 63680, 0, 0, 0, 1),
(99999, 0, 64377, 0, 0, 0, 1),
(99999, 0, 64489, 0, 0, 0, 1),
(99999, 0, 64880, 0, 0, 0, 1),
(99999, 0, 64885, 0, 0, 0, 1),
(99999, 0, 68127, 0, 0, 0, 1),
(99999, 0, 68128, 0, 0, 0, 1),
(99999, 0, 68129, 0, 0, 0, 1),
(99999, 0, 68161, 0, 0, 0, 1),
(99999, 0, 68162, 0, 0, 0, 1),
(99999, 0, 68163, 0, 0, 0, 1),
(99999, 0, 68601, 0, 0, 0, 1),
(99999, 0, 68608, 0, 0, 0, 1),
(99999, 0, 69843, 0, 0, 0, 1),
(99999, 0, 69844, 0, 0, 0, 1),
(100000, 0, 71876, 0, 0, 0, 1),
(100000, 0, 71877, 0, 0, 0, 1),
(100000, 0, 71878, 0, 0, 0, 1),
(100000, 0, 71879, 0, 0, 0, 1),
(100000, 0, 71880, 0, 0, 0, 1),
(100000, 0, 71881, 0, 0, 0, 1),
(100000, 0, 71882, 0, 0, 0, 1),
(100000, 0, 71883, 0, 0, 0, 1),
(100000, 0, 77130, 0, 0, 0, 1),
(100000, 0, 77131, 0, 0, 0, 1),
(100000, 0, 77132, 0, 0, 0, 1),
(100000, 0, 77133, 0, 0, 0, 1),
(100000, 0, 77134, 0, 0, 0, 1),
(100000, 0, 77136, 0, 0, 0, 1),
(100000, 0, 77137, 0, 0, 0, 1),
(100000, 0, 77138, 0, 0, 0, 1),
(100000, 0, 77139, 0, 0, 0, 1),
(100000, 0, 77140, 0, 0, 0, 1),
(100000, 0, 77141, 0, 0, 0, 1),
(100000, 0, 77142, 0, 0, 0, 1),
(100000, 0, 77143, 0, 0, 0, 1),
(100000, 0, 77144, 0, 0, 0, 1),
(100000, 0, 77154, 0, 0, 0, 1),
(100000, 0, 71875, 0, 0, 0, 1),
(100000, 0, 71852, 0, 0, 0, 1),
(100000, 0, 71853, 0, 0, 0, 1),
(100000, 0, 71854, 0, 0, 0, 1),
(100000, 0, 71855, 0, 0, 0, 1),
(100000, 0, 71856, 0, 0, 0, 1),
(100000, 0, 71857, 0, 0, 0, 1),
(100000, 0, 71858, 0, 0, 0, 1),
(100000, 0, 71859, 0, 0, 0, 1),
(100000, 0, 71860, 0, 0, 0, 1),
(100000, 0, 71861, 0, 0, 0, 1),
(100000, 0, 71862, 0, 0, 0, 1),
(100000, 0, 71863, 0, 0, 0, 1),
(100000, 0, 71864, 0, 0, 0, 1),
(100000, 0, 71865, 0, 0, 0, 1),
(100000, 0, 71866, 0, 0, 0, 1),
(100000, 0, 71867, 0, 0, 0, 1),
(100000, 0, 71868, 0, 0, 0, 1),
(100000, 0, 71869, 0, 0, 0, 1),
(100000, 0, 71870, 0, 0, 0, 1),
(100000, 0, 71871, 0, 0, 0, 1),
(100000, 0, 71872, 0, 0, 0, 1),
(100000, 0, 71873, 0, 0, 0, 1),
(100000, 0, 71874, 0, 0, 0, 1),
(100000, 0, 52246, 0, 0, 0, 1),
(100000, 0, 52245, 0, 0, 0, 1),
(100000, 0, 52244, 0, 0, 0, 1),
(100000, 0, 52243, 0, 0, 0, 1),
(100000, 0, 52242, 0, 0, 0, 1),
(100000, 0, 52241, 0, 0, 0, 1),
(100000, 0, 52240, 0, 0, 0, 1),
(100000, 0, 52239, 0, 0, 0, 1),
(100000, 0, 52238, 0, 0, 0, 1),
(100000, 0, 52237, 0, 0, 0, 1),
(100000, 0, 52236, 0, 0, 0, 1),
(100000, 0, 52235, 0, 0, 0, 1),
(100000, 0, 52263, 0, 0, 0, 1),
(100000, 0, 52262, 0, 0, 0, 1),
(100000, 0, 52261, 0, 0, 0, 1),
(100000, 0, 52260, 0, 0, 0, 1),
(100000, 0, 52259, 0, 0, 0, 1),
(100000, 0, 52258, 0, 0, 0, 1),
(100000, 0, 52257, 0, 0, 0, 1),
(100000, 0, 52255, 0, 0, 0, 1),
(100000, 0, 52250, 0, 0, 0, 1),
(100000, 0, 52249, 0, 0, 0, 1),
(100000, 0, 52248, 0, 0, 0, 1),
(100000, 0, 52247, 0, 0, 0, 1),
(100000, 0, 52222, 0, 0, 0, 1),
(100000, 0, 52221, 0, 0, 0, 1),
(100000, 0, 52220, 0, 0, 0, 1),
(100000, 0, 52219, 0, 0, 0, 1),
(100000, 0, 52218, 0, 0, 0, 1),
(100000, 0, 52217, 0, 0, 0, 1),
(100000, 0, 52216, 0, 0, 0, 1),
(100000, 0, 52215, 0, 0, 0, 1),
(100000, 0, 52214, 0, 0, 0, 1),
(100000, 0, 52213, 0, 0, 0, 1),
(100000, 0, 52212, 0, 0, 0, 1),
(100000, 0, 52211, 0, 0, 0, 1),
(100000, 0, 52234, 0, 0, 0, 1),
(100000, 0, 52233, 0, 0, 0, 1),
(100000, 0, 52232, 0, 0, 0, 1),
(100000, 0, 52231, 0, 0, 0, 1),
(100000, 0, 52230, 0, 0, 0, 1),
(100000, 0, 52229, 0, 0, 0, 1),
(100000, 0, 52228, 0, 0, 0, 1),
(100000, 0, 52227, 0, 0, 0, 1),
(100000, 0, 52226, 0, 0, 0, 1),
(100000, 0, 52225, 0, 0, 0, 1),
(100000, 0, 52224, 0, 0, 0, 1),
(100000, 0, 52223, 0, 0, 0, 1),
(100000, 0, 52210, 0, 0, 0, 1),
(100000, 0, 52339, 0, 0, 0, 1),
(100000, 0, 52209, 0, 0, 0, 1),
(100000, 0, 52192, 0, 0, 0, 1),
(100000, 0, 52193, 0, 0, 0, 1),
(100000, 0, 52194, 0, 0, 0, 1),
(100000, 0, 52195, 0, 0, 0, 1),
(100000, 0, 52196, 0, 0, 0, 1),
(100000, 0, 52203, 0, 0, 0, 1),
(100000, 0, 52204, 0, 0, 0, 1),
(100000, 0, 52208, 0, 0, 0, 1),
(100000, 0, 52207, 0, 0, 0, 1),
(100000, 0, 68778, 0, 0, 0, 1),
(100000, 0, 68779, 0, 0, 0, 1),
(100000, 0, 68780, 0, 0, 0, 1),
(100000, 0, 69922, 0, 0, 0, 1),
(100000, 0, 69923, 0, 0, 0, 1),
(100000, 0, 52206, 0, 0, 0, 1),
(100000, 0, 52205, 0, 0, 0, 1),
(100000, 0, 52303, 0, 0, 0, 1),
(100000, 0, 52264, 0, 0, 0, 1),
(100000, 0, 52265, 0, 0, 0, 1),
(100000, 0, 52266, 0, 0, 0, 1),
(100000, 0, 52267, 0, 0, 0, 1),
(100000, 0, 52268, 0, 0, 0, 1),
(100000, 0, 52269, 0, 0, 0, 1),
(100000, 0, 52289, 0, 0, 0, 1),
(100000, 0, 52291, 0, 0, 0, 1),
(100000, 0, 52292, 0, 0, 0, 1),
(100000, 0, 52293, 0, 0, 0, 1),
(100000, 0, 52294, 0, 0, 0, 1),
(100000, 0, 52295, 0, 0, 0, 1),
(100000, 0, 52296, 0, 0, 0, 1),
(100000, 0, 52297, 0, 0, 0, 1),
(100000, 0, 52298, 0, 0, 0, 1),
(100000, 0, 52299, 0, 0, 0, 1),
(100000, 0, 52300, 0, 0, 0, 1),
(100000, 0, 52301, 0, 0, 0, 1),
(100000, 0, 52302, 0, 0, 0, 1),
(100000, 0, 68660, 0, 0, 0, 1),
(100000, 0, 59496, 0, 0, 0, 1),
(100000, 0, 59493, 0, 0, 0, 1),
(100000, 0, 59491, 0, 0, 0, 1),
(100000, 0, 59489, 0, 0, 0, 1),
(100000, 0, 59480, 0, 0, 0, 1),
(100000, 0, 59479, 0, 0, 0, 1),
(100000, 0, 59478, 0, 0, 0, 1),
(100000, 0, 59477, 0, 0, 0, 1),
(100000, 0, 77951, 0, 0, 0, 1),
(100000, 0, 77952, 0, 0, 0, 1),
(100001, 0, 65499, 0, 0, 0, 1),
(100001, 0, 62675, 0, 0, 0, 1),
(100001, 0, 62680, 0, 0, 0, 1),
(100001, 0, 62674, 0, 0, 0, 1),
(100001, 0, 70927, 0, 0, 0, 1),
(100001, 0, 70926, 0, 0, 0, 1),
(100001, 0, 70925, 0, 0, 0, 1),
(100001, 0, 70924, 0, 0, 0, 1),
(100001, 0, 62672, 0, 0, 0, 1),
(100001, 0, 62790, 0, 0, 0, 1),
(100001, 0, 35710, 0, 0, 0, 1),
(100001, 0, 43004, 0, 0, 0, 1),
(100001, 0, 43001, 0, 0, 0, 1),
(100001, 0, 43000, 0, 0, 0, 1),
(100001, 0, 42999, 0, 0, 0, 1),
(100001, 0, 42998, 0, 0, 0, 1),
(100001, 0, 42997, 0, 0, 0, 1),
(100001, 0, 42996, 0, 0, 0, 1),
(100001, 0, 42995, 0, 0, 0, 1),
(100001, 0, 42994, 0, 0, 0, 1),
(100001, 0, 42993, 0, 0, 0, 1),
(100001, 0, 42942, 0, 0, 0, 1),
(100001, 0, 39520, 0, 0, 0, 1),
(100001, 0, 43005, 0, 0, 0, 1),
(100001, 0, 44941, 0, 0, 0, 1),
(100001, 0, 43523, 0, 0, 0, 1),
(100001, 0, 43518, 0, 0, 0, 1),
(100001, 0, 43492, 0, 0, 0, 1),
(100001, 0, 43491, 0, 0, 0, 1),
(100001, 0, 43490, 0, 0, 0, 1),
(100001, 0, 43488, 0, 0, 0, 1),
(100001, 0, 43480, 0, 0, 0, 1),
(100001, 0, 43478, 0, 0, 0, 1),
(100001, 0, 43268, 0, 0, 0, 1),
(100001, 0, 43086, 0, 0, 0, 1),
(100001, 0, 43015, 0, 0, 0, 1),
(100001, 0, 34757, 0, 0, 0, 1),
(100001, 0, 34756, 0, 0, 0, 1),
(100001, 0, 34755, 0, 0, 0, 1),
(100001, 0, 34754, 0, 0, 0, 1),
(100001, 0, 34753, 0, 0, 0, 1),
(100001, 0, 34752, 0, 0, 0, 1),
(100001, 0, 34751, 0, 0, 0, 1),
(100001, 0, 34750, 0, 0, 0, 1),
(100001, 0, 34749, 0, 0, 0, 1),
(100001, 0, 34748, 0, 0, 0, 1),
(100001, 0, 34747, 0, 0, 0, 1),
(100001, 0, 33444, 0, 0, 0, 1),
(100001, 0, 34758, 0, 0, 0, 1),
(100001, 0, 38698, 0, 0, 0, 1),
(100001, 0, 34769, 0, 0, 0, 1),
(100001, 0, 34768, 0, 0, 0, 1),
(100001, 0, 34767, 0, 0, 0, 1),
(100001, 0, 34766, 0, 0, 0, 1),
(100001, 0, 34765, 0, 0, 0, 1),
(100001, 0, 34764, 0, 0, 0, 1),
(100001, 0, 34763, 0, 0, 0, 1),
(100001, 0, 34762, 0, 0, 0, 1),
(100001, 0, 34761, 0, 0, 0, 1),
(100001, 0, 34760, 0, 0, 0, 1),
(100001, 0, 34759, 0, 0, 0, 1),
(100001, 0, 44953, 0, 0, 0, 1),
(100001, 0, 58260, 0, 0, 0, 1),
(100001, 0, 58262, 0, 0, 0, 1),
(100001, 0, 58258, 0, 0, 0, 1),
(100001, 0, 58266, 0, 0, 0, 1),
(100001, 0, 58256, 0, 0, 0, 1),
(100001, 0, 58264, 0, 0, 0, 1),
(100001, 0, 45901, 0, 0, 0, 1),
(100001, 0, 58268, 0, 0, 0, 1),
(100001, 0, 59029, 0, 0, 0, 1),
(100001, 0, 59228, 0, 0, 0, 1),
(100001, 0, 59230, 0, 0, 0, 1),
(100001, 0, 59232, 0, 0, 0, 1),
(100001, 0, 45279, 0, 0, 0, 1),
(100001, 0, 62657, 0, 0, 0, 1),
(100001, 0, 62658, 0, 0, 0, 1),
(100001, 0, 62659, 0, 0, 0, 1),
(100001, 0, 62660, 0, 0, 0, 1),
(100001, 0, 62676, 0, 0, 0, 1),
(100001, 0, 62651, 0, 0, 0, 1),
(100001, 0, 62652, 0, 0, 0, 1),
(100001, 0, 62653, 0, 0, 0, 1),
(100001, 0, 62654, 0, 0, 0, 1),
(100001, 0, 62655, 0, 0, 0, 1),
(100001, 0, 62656, 0, 0, 0, 1),
(100001, 0, 62666, 0, 0, 0, 1),
(100001, 0, 62667, 0, 0, 0, 1),
(100001, 0, 62668, 0, 0, 0, 1),
(100001, 0, 62669, 0, 0, 0, 1),
(100001, 0, 62670, 0, 0, 0, 1),
(100001, 0, 62671, 0, 0, 0, 1),
(100001, 0, 62289, 0, 0, 0, 1),
(100001, 0, 35947, 0, 0, 0, 1),
(100001, 0, 35951, 0, 0, 0, 1),
(100001, 0, 35948, 0, 0, 0, 1),
(100001, 0, 35950, 0, 0, 0, 1),
(100001, 0, 62665, 0, 0, 0, 1),
(100001, 0, 62678, 0, 0, 0, 1),
(100001, 0, 68687, 0, 0, 0, 1),
(100001, 0, 62664, 0, 0, 0, 1),
(100001, 0, 33445, 0, 0, 0, 1),
(100001, 0, 62290, 0, 0, 0, 1),
(100001, 0, 62663, 0, 0, 0, 1),
(100001, 0, 62662, 0, 0, 0, 1),
(100001, 0, 62649, 0, 0, 0, 1),
(100001, 0, 62661, 0, 0, 0, 1),
(100001, 0, 74921, 0, 0, 0, 1),
(100001, 0, 74822, 0, 0, 0, 1),
(100001, 0, 58269, 0, 0, 0, 1),
(100001, 0, 58267, 0, 0, 0, 1),
(100001, 0, 63251, 0, 0, 0, 1),
(100001, 0, 58265, 0, 0, 0, 1),
(100001, 0, 58263, 0, 0, 0, 1),
(100001, 0, 43087, 0, 0, 0, 1),
(100001, 0, 43236, 0, 0, 0, 1),
(100001, 0, 58261, 0, 0, 0, 1),
(100001, 0, 58259, 0, 0, 0, 1),
(100001, 0, 58257, 0, 0, 0, 1),
(100001, 0, 44049, 0, 0, 0, 1),
(100001, 0, 44071, 0, 0, 0, 1),
(100001, 0, 44072, 0, 0, 0, 1),
(100001, 0, 44607, 0, 0, 0, 1),
(100001, 0, 44722, 0, 0, 0, 1),
(100001, 0, 44940, 0, 0, 0, 1),
(100001, 0, 35952, 0, 0, 0, 1),
(100001, 0, 35953, 0, 0, 0, 1),
(100001, 0, 60858, 0, 0, 0, 1),
(100001, 0, 38706, 0, 0, 0, 1),
(100001, 0, 40202, 0, 0, 0, 1),
(100001, 0, 41729, 0, 0, 0, 1),
(100001, 0, 41731, 0, 0, 0, 1),
(100001, 0, 42429, 0, 0, 0, 1),
(100001, 0, 42431, 0, 0, 0, 1),
(100001, 0, 42434, 0, 0, 0, 1),
(100001, 0, 68140, 0, 0, 0, 1),
(100001, 0, 42777, 0, 0, 0, 1),
(100001, 0, 42778, 0, 0, 0, 1),
(100001, 0, 42779, 0, 0, 0, 1),
(100001, 0, 62677, 0, 0, 0, 1),
(100001, 0, 62679, 0, 0, 0, 1),
(100001, 0, 45932, 0, 0, 0, 1),
(100001, 0, 73260, 0, 0, 0, 1),
(100002, 0, 12840, 0, 0, 0, 1),
(100002, 0, 12841, 0, 0, 0, 1),
(100002, 0, 12843, 0, 0, 0, 1),
(100002, 0, 12844, 0, 0, 0, 1),
(100002, 0, 19213, 0, 0, 0, 1),
(100002, 0, 19322, 0, 0, 0, 1),
(100002, 0, 19698, 0, 0, 0, 1),
(100002, 0, 19699, 0, 0, 0, 1),
(100002, 0, 19700, 0, 0, 0, 1),
(100002, 0, 19701, 0, 0, 0, 1),
(100002, 0, 19702, 0, 0, 0, 1),
(100002, 0, 19703, 0, 0, 0, 1),
(100002, 0, 19704, 0, 0, 0, 1),
(100002, 0, 19705, 0, 0, 0, 1),
(100002, 0, 19706, 0, 0, 0, 1),
(100002, 0, 19707, 0, 0, 0, 1),
(100002, 0, 19708, 0, 0, 0, 1),
(100002, 0, 19709, 0, 0, 0, 1),
(100002, 0, 19710, 0, 0, 0, 1),
(100002, 0, 19711, 0, 0, 0, 1),
(100002, 0, 19712, 0, 0, 0, 1),
(100002, 0, 19713, 0, 0, 0, 1),
(100002, 0, 19714, 0, 0, 0, 1),
(100002, 0, 19715, 0, 0, 0, 1),
(100002, 0, 19716, 0, 0, 0, 1),
(100002, 0, 19717, 0, 0, 0, 1),
(100002, 0, 19718, 0, 0, 0, 1),
(100002, 0, 19719, 0, 0, 0, 1),
(100002, 0, 19720, 0, 0, 0, 1),
(100002, 0, 19721, 0, 0, 0, 1),
(100002, 0, 19722, 0, 0, 0, 1),
(100002, 0, 19723, 0, 0, 0, 1),
(100002, 0, 19724, 0, 0, 0, 1),
(100002, 0, 19858, 0, 0, 0, 1),
(100002, 0, 20256, 0, 0, 0, 1),
(100002, 0, 20404, 0, 0, 0, 1),
(100002, 0, 20858, 0, 0, 0, 1),
(100002, 0, 20859, 0, 0, 0, 1),
(100002, 0, 20860, 0, 0, 0, 1),
(100002, 0, 20861, 0, 0, 0, 1),
(100002, 0, 20862, 0, 0, 0, 1),
(100002, 0, 20863, 0, 0, 0, 1),
(100002, 0, 20864, 0, 0, 0, 1),
(100002, 0, 20865, 0, 0, 0, 1),
(100002, 0, 20866, 0, 0, 0, 1),
(100002, 0, 20867, 0, 0, 0, 1),
(100002, 0, 20868, 0, 0, 0, 1),
(100002, 0, 20869, 0, 0, 0, 1),
(100002, 0, 20870, 0, 0, 0, 1),
(100002, 0, 20871, 0, 0, 0, 1),
(100002, 0, 20872, 0, 0, 0, 1),
(100002, 0, 20873, 0, 0, 0, 1),
(100002, 0, 20874, 0, 0, 0, 1),
(100002, 0, 20875, 0, 0, 0, 1),
(100002, 0, 20876, 0, 0, 0, 1),
(100002, 0, 20877, 0, 0, 0, 1),
(100002, 0, 20878, 0, 0, 0, 1),
(100002, 0, 20879, 0, 0, 0, 1),
(100002, 0, 20881, 0, 0, 0, 1),
(100002, 0, 20882, 0, 0, 0, 1),
(100002, 0, 20883, 0, 0, 0, 1),
(100002, 0, 20884, 0, 0, 0, 1),
(100002, 0, 20885, 0, 0, 0, 1),
(100002, 0, 20886, 0, 0, 0, 1),
(100002, 0, 20887, 0, 0, 0, 1),
(100002, 0, 20888, 0, 0, 0, 1),
(100002, 0, 20889, 0, 0, 0, 1),
(100002, 0, 20890, 0, 0, 0, 1),
(100002, 0, 20926, 0, 0, 0, 1),
(100002, 0, 20936, 0, 0, 0, 1),
(100002, 0, 20937, 0, 0, 0, 1),
(100002, 0, 21377, 0, 0, 0, 1),
(100002, 0, 21383, 0, 0, 0, 1),
(100002, 0, 25719, 0, 0, 0, 1),
(100002, 0, 29425, 0, 0, 0, 1),
(100002, 0, 29426, 0, 0, 0, 1),
(100002, 0, 29739, 0, 0, 0, 1),
(100002, 0, 29740, 0, 0, 0, 1),
(100002, 0, 30809, 0, 0, 0, 1),
(100002, 0, 30810, 0, 0, 0, 1),
(100002, 0, 32620, 0, 0, 0, 1),
(100002, 0, 33187, 0, 0, 0, 1),
(100002, 0, 33188, 0, 0, 0, 1),
(100002, 0, 38380, 0, 0, 0, 1),
(100002, 0, 38551, 0, 0, 0, 1),
(100002, 0, 43089, 0, 0, 0, 1),
(100002, 0, 43090, 0, 0, 0, 1),
(100002, 0, 43094, 0, 0, 0, 1),
(100002, 0, 43134, 0, 0, 0, 1),
(100002, 0, 43141, 0, 0, 0, 1),
(100002, 0, 43950, 0, 0, 0, 1),
(100002, 0, 44710, 0, 0, 0, 1),
(100002, 0, 44711, 0, 0, 0, 1),
(100002, 0, 44713, 0, 0, 0, 1),
(100002, 0, 45714, 0, 0, 0, 1),
(100002, 0, 45715, 0, 0, 0, 1),
(100002, 0, 45716, 0, 0, 0, 1),
(100002, 0, 45717, 0, 0, 0, 1),
(100002, 0, 45718, 0, 0, 0, 1),
(100002, 0, 45719, 0, 0, 0, 1),
(100002, 0, 45720, 0, 0, 0, 1),
(100002, 0, 45721, 0, 0, 0, 1),
(100002, 0, 45722, 0, 0, 0, 1),
(100002, 0, 45723, 0, 0, 0, 1),
(100002, 0, 49702, 0, 0, 0, 1),
(100002, 0, 62916, 0, 0, 0, 1),
(100002, 0, 63517, 0, 0, 0, 1),
(100002, 0, 64492, 0, 0, 0, 1),
(100002, 0, 69679, 0, 0, 0, 1),
(100002, 0, 70145, 0, 0, 0, 1),
(100002, 0, 70146, 0, 0, 0, 1),
(100002, 0, 70147, 0, 0, 0, 1),
(100002, 0, 70148, 0, 0, 0, 1),
(100002, 0, 70149, 0, 0, 0, 1),
(100002, 0, 70150, 0, 0, 0, 1),
(100002, 0, 70151, 0, 0, 0, 1),
(100002, 0, 70152, 0, 0, 0, 1),
(100002, 0, 70153, 0, 0, 0, 1),
(100002, 0, 70154, 0, 0, 0, 1),
(100002, 0, 71087, 0, 0, 0, 1),
(100002, 0, 71088, 0, 0, 0, 1),
(100002, 0, 71096, 0, 0, 0, 1);


-- Teleporter


-- -------------------------------------------------------------------------

-- ---- IMPORTANT: ONLY SET THESE VARIABLES, DO NOT TOUCH THE REST!!!! -----

-- -------------------------------------------------------------------------

-- Set all the important variables for the database

-- Replace xxx with a value (number)

-- NPC

SET @Entry := 95000; -- Creature Entry (need 1)

SET @Text := 64000; -- Gossip Texts (need 6)

-- Gossip

SET @Main := 64000; -- Main gossip entry on creature (need 13)

-- Smart_script

SET @Script := 95000 ; -- scriptid iterator (need 84)

-- Conditional values

SET @Money_C := 0 ; -- How much users have to pay to travel to MAIN CITIES (in copper, set 0 for free usage)

SET @Money_T1 := 0 ; -- How much users have to pay to travel to TOWNS_TBC (in copper, set 0 for free usage)

SET @Money_T2 := 0 ; -- How much users have to pay to travel to TOWNS_WOTLK (in copper, set 0 for free usage)

SET @Money_A := 0 ; -- How much users have to pay to travel to ARENAS (in copper, set 0 for free usage)

SET @Money_I1 := 0 ; -- How much users have to pay to travel to DUNGEONS<60 (in copper, set 0 for free usage)

SET @Money_I2 := 0 ; -- How much users have to pay to travel to DUNGEONS_TBC (in copper, set 0 for free usage)

SET @Money_I3 := 0 ; -- How much users have to pay to travel to DUNGEONS_WOLTK (in copper, set 0 for free usage)

SET @Money_I4 := 0 ; -- How much users have to pay to travel to DUNGEONS_Cata (in copper, set 0 for free usage)

SET @Money_R1 := 0 ; -- How much users have to pay to travel to RAIDS<60 (in copper, set 0 for free usage)

SET @Money_R2 := 0 ; -- How much users have to pay to travel to RAIDS_TBC (in copper, set 0 for free usage)

SET @Money_R3 := 0 ; -- How much users have to pay to travel to RAIDS_WOLTK (in copper, set 0 for free usage)

SET @Money_R4 := 0 ; -- How much users have to pay to travel to RAIDS_Cata (in copper, set 0 for free usage)

-- --------------------------------------------------------------------------

-- ------- STOP HERE -- STOP HERE -- STOP HERE -- STOP HERE -- STOP HERE ----

-- --------------------------------------------------------------------------


-- ---------------------------------------------------------------------------

-- ------- DONT TOUCH THESE ----- DONT TOUCH THESE ----- DONT TOUCH THESE ----

-- ---------------------------------------------------------------------------

SET @Sub_Cities := @Main+1; -- Submenu: Cities

SET @Sub_Towns_BC := @Main+2; -- Submenu: Burning Crusade Towns

SET @Sub_Towns_WOTLK := @Main+3; -- Submenu: Wrath of Lich King Towns

SET @Sub_Arenas := @Main+4; -- Submenu: Arenas

SET @Sub_Instance1 := @Main+5; -- Submenu: Instances level 1-60

SET @Sub_Instance1_EK := @Main+6; -- Submenu: Instances level 1-60 Eastern Kingdoms

SET @Sub_Instance1_K := @Main+7; -- Submenu: Instances level 1-60 Kalimdor

SET @Sub_Instance2 := @Main+8; -- Submenu: Instances level 60-70

SET @Sub_Instance3 := @Main+9; -- Submenu: Instances level 70+

SET @Sub_Raid60 := @Main+10; -- Submenu: Raids level 60

SET @Sub_Raid70 := @Main+11; -- Submenu: Raids level 70

SET @Sub_Raid80 := @Main+12; -- Submenu: Raids level 80

SET @Sub_Instance4 := @Main+13; -- Submenu: Raids level 85

SET @Sub_Raid85 := @Main+14; -- Submenu: Raids level 85

SET @Script_Cities := @Scripts ; -- Submenu Scripts: Cities (need 10)

SET @Script_Towns := @Scripts+10 ; -- Submenu Scripts: Towns (need 21)

SET @Script_Arenas := @Scripts+32 ; -- Submenu Scripts: Arenas (need 4)

SET @Script_Instances := @Scripts+48 ; -- Submenu Scripts: Instances (need 31)

SET @Script_Raids := @Scripts+68 ; -- Submenu Scripts: Raids (need 16)

SET @ID := 0; -- iterator for script-subid

SET @opt := 0; -- Iterator for gossip_menu.option_id

-- Creature Definition

DELETE FROM `creature_template` WHERE `entry`=@Entry;

REPLACE INTO creature_template (`entry`,`difficulty_entry_1`,`difficulty_entry_2`,`difficulty_entry_3`,`KillCredit1`,`KillCredit2`,`modelid1`,`modelid2`,`modelid3`,`modelid4`,`name`,`subname`,`IconName`,`gossip_menu_id`,`minlevel`,`maxlevel`,`exp`,`faction_A`,`faction_H`,`npcflag`,`speed_walk`,`speed_run`,`scale`,`rank`,`mindmg`,`maxdmg`,`dmgschool`,`attackpower`,`dmg_multiplier`,`baseattacktime`,`rangeattacktime`,`unit_class`,`unit_flags`,`dynamicflags`,`family`,`trainer_type`,`trainer_spell`,`trainer_class`,`trainer_race`,`minrangedmg`,`maxrangedmg`,`rangedattackpower`,`type`,`type_flags`,`lootid`,`pickpocketloot`,`skinloot`,`resistance1`,`resistance2`,`resistance3`,`resistance4`,`resistance5`,`resistance6`,`spell1`,`spell2`,`spell3`,`spell4`,`spell5`,`spell6`,`spell7`,`spell8`,`PetSpellDataId`,`VehicleId`,`mingold`,`maxgold`,`AIName`,`MovementType`,`InhabitType`,`Health_mod`,`Mana_mod`,`Armor_mod`,`RacialLeader`,`questItem1`,`questItem2`,`questItem3`,`questItem4`,`questItem5`,`questItem6`,`movementId`,`RegenHealth`,`mechanic_immune_mask`,`flags_extra`,`ScriptName`,`WDBVerified`) VALUES

(@Entry,0,0,0,0,0,29984,0,0,0, 'Teleporter Mage', 'Teleporting since preBC', '',@Main,80,80,2,35,35,1,1,1.14286,1,0,346,499,0,287,1,0,0,8,512,8,0,0,0,0,0,315,468,69,7,0,0,0,0,0,0,0,0,0,0,0,0,0,0,0,0,0,0,0,0,0,0, '',0,3,10,10,1,0,0,0,0,0,0,0,0,1,0,0, '',0);

-- Text in Menus

DELETE FROM `npc_text` WHERE `ID` BETWEEN @Text AND @Text+5 ;

REPLACE INTO `npc_text` (`ID`, `text0_0`) VALUES

(@Text, 'Select a Category.'),

(@Text+1, 'Select a City'),

(@Text+2, 'Select a Town'),

(@Text+3, 'Select an Arena'),

(@Text+4, 'Select an Instance'),

(@Text+5, 'Select a Raid Location');


-- Gossip Menu Definition

DELETE FROM `gossip_menu` WHERE `entry` BETWEEN @Main AND @Main+14;

REPLACE INTO gossip_menu (`entry`, `text_id`) VALUES

(@Main,@Text), -- "Select a Category"

(@Sub_Cities,@Text+1), -- "Select a City"

(@Sub_Towns_BC,@Text+2), -- "Select a Town"

(@Sub_Towns_WOTLK,@Text+2), -- "Select a Town"

(@Sub_Arenas,@Text+3), -- "Select an Arena"

(@Sub_Instance1,@Text+4), -- "Select an Instance"

(@Sub_Instance2,@Text+4), -- "Select an Instance"

(@Sub_Instance3,@Text+4), -- "Select an Instance"

(@Sub_Instance4,@Text+4), -- "Select an Instance"

(@Sub_Raid60,@Text+5), -- "Select a Raid Location"

(@Sub_Raid70,@Text+5), -- "Select a Raid Location"

(@Sub_Raid80,@Text+5), -- "Select a Raid Location"

(@Sub_Raid85,@Text+5); -- "Select a Raid Location"

-- ----------------------------------------

-- ---- Gossip Menu Options Definition ----

-- ----------------------------------------

DELETE FROM `gossip_menu_option` WHERE `menu_id` BETWEEN @Main AND @Main+14 ;

REPLACE INTO gossip_menu_option (`menu_id`,`id`,`option_icon`,`option_text`,`option_id`,`npc_option_npcflag`,`action_menu_id`,`action_poi_id`,`box_coded`,`box_money`,`box_text`) VALUES

-- -----------------

-- -- Main Window --

-- -----------------

(@Main,0,0, 'Azeroth Cities',1,1,@Sub_Cities,0,0,0, ''),

(@Main,1,0, 'Outland Towns',1,1,@Sub_Towns_BC,0,0,0, ''),

(@Main,2,0, 'Northrend Towns',1,1,@Sub_Towns_WOTLK,0,0,0, ''),

(@Main,3,0, 'Arenas',1,1,@Sub_Arenas,0,0,0, ''),

(@Main,4,0, 'Azeroth Instances',1,1,@Sub_Instance1,0,0,0, ''),

(@Main,5,0, 'Outland Instances',1,1,@Sub_Instance2,0,0,0, ''),

(@Main,6,0, 'Northrend Instances',1,1,@Sub_Instance3,0,0,0, ''),

(@Main,10,0, 'Cataclysm Instances',1,1,@Sub_Instance4,0,0,0, ''),

(@Main,7,0, 'Azeroth Raids',1,1,@Sub_Raid60,0,0,0, ''),

(@Main,8,0, 'Outland Raids',1,1,@Sub_Raid70,0,0,0, ''),

(@Main,9,0, 'Northrend Raids',1,1,@Sub_Raid80,0,0,0, ''),

(@Main,11,0, 'Cataclysm Raids',1,1,@Sub_Raid85,0,0,0, ''),

-- --------------------

-- -- Cities Submenu --

-- --------------------

(@Sub_Cities,0,0, 'What other locations can you teleport me to?',1,1,@Main,0,0,0, ''),

(@Sub_Cities,1,2, 'Teleport me to Dalaran please',1,1,0,0,0,@Money_C, 'Are you sure you wish to visit Dalaran?'),

(@Sub_Cities,2,2, 'Teleport me to Stormwind',1,1,0,0,0,@Money_C, 'Are you sure you wish to visit Stormwind?'),

(@Sub_Cities,3,2, 'Teleport me to Ironforge',1,1,0,0,0,@Money_C, 'Are you sure you wish to visit Ironforge'),

(@Sub_Cities,4,2, 'Teleport me to Darnassus',1,1,0,0,0,@Money_C, 'Are you sure you wish to visit Darnassus?'),

(@Sub_Cities,5,2, 'Teleport me to Exodar',1,1,0,0,0,@Money_C, 'Are you sure you wish to visit Exodar?'),

(@Sub_Cities,6,2, 'Teleport me to Orgrimmar',1,1,0,0,0,@Money_C, 'Are you sure you wish to visit Orgrimmar?'),

(@Sub_Cities,7,2, 'Teleport me to Undercity',1,1,0,0,0,@Money_C, 'Are you sure you wish to visit Undercity?'),

(@Sub_Cities,8,2, 'Teleport me to ThunderBluff',1,1,0,0,0,@Money_C, 'Are you sure you wish to visit Thunder Bluff?'),

(@Sub_Cities,9,2, 'Teleport me to Silvermoon',1,1,0,0,0,@Money_C, 'Are you sure you wish to visit Silvermoon City?'),

(@Sub_Cities,10,2, 'Teleport me to Shattrath',1,1,0,0,0,@Money_C, 'Are you sure you wish to visit Shattrath?'),

-- -----------------------------------

-- -- Burning Crusade Towns Submenu --

-- -----------------------------------

(@Sub_Towns_BC,0,0, 'What other locations can you teleport me to?',1,1,@Main,0,0,0, ''),

-- Ally

(@Sub_Towns_BC,1,2, 'Teleport me to Honor Hold please',1,1,0,0,0,@Money_T1, 'Are you sure you wish to visit Honor Hold?'),

(@Sub_Towns_BC,2,2, 'Teleport me to Telaar please',1,1,0,0,0,@Money_T1, 'Are you sure you wish to visit Telaar?'),

(@Sub_Towns_BC,3,2, 'Teleport me to Sylvanaar please',1,1,0,0,0,@Money_T1, 'Are you sure you wish to visit Sylvanaar?'),

(@Sub_Towns_BC,4,2, 'Teleport me to Wildhammer Stronghold please',1,1,0,0,0,@Money_T1, 'Are you sure you wish to visit Wildhammer Stronghold?'),

-- Horde

(@Sub_Towns_BC,5,2, 'Teleport me to Thunderlord Stronghold please',1,1,0,0,0,@Money_T1, 'Are you sure you wish to visit Thunderlord Stronghold?'),

(@Sub_Towns_BC,6,2, 'Teleport me to Thrallmar please',1,1,0,0,0,@Money_T1, 'Are you sure you wish to visit Thrallmar?'),

(@Sub_Towns_BC,7,2, 'Teleport me to Garadar please',1,1,0,0,0,@Money_T1, 'Are you sure you wish to visit Garadar?'),

(@Sub_Towns_BC,8,2, 'Teleport me to Shadowmoon Village please',1,1,0,0,0,@Money_T1, 'Are you sure you wish to visit Shadowmoon Village?'),

-- Neutral

(@Sub_Towns_BC,9,2, 'Teleport me to Cenarion Refuge please',1,1,0,0,0,@Money_T1, 'Are you sure you wish to visit Cenarion Refuge?'),

(@Sub_Towns_BC,10,2, 'Teleport me to Ruuan Weald please',1,1,0,0,0,@Money_T1, 'Are you sure you wish to visit Ruuan Weald?'),

(@Sub_Towns_BC,11,2, 'Teleport me to Area52 please',1,1,0,0,0,@Money_T1, 'Are you sure you wish to visit Area52?'),

-- --------------------------------------

-- -- Wrath of Lich King Towns Submenu --

-- --------------------------------------

(@Sub_Towns_WOTLK,0,0, 'What other locations can you teleport me to?',1,1,@Main,0,0,0, ''),

-- Ally

(@Sub_Towns_WOTLK,1,2, 'Teleport me to Valiance Keep please',1,1,0,0,0,@Money_T2, 'Are you sure you wish to visit Valiance Keep?'),

(@Sub_Towns_WOTLK,2,2, 'Teleport me to Westguard Keep please',1,1,0,0,0,@Money_T2, 'Are you sure you wish to visit Westguard Keep?'),

(@Sub_Towns_WOTLK,3,2, 'Teleport me to Wintergarde Keep please',1,1,0,0,0,@Money_T2, 'Are you sure you wish to visit Wintergarde Keep?'),

(@Sub_Towns_WOTLK,4,2, 'Teleport me to Amberpine Lodge please',1,1,0,0,0,@Money_T2, 'Are you sure you wish to visit Amberpine Lodge?'),

-- Horde

(@Sub_Towns_WOTLK,5,2, 'Teleport me to Warsong Hold please',1,1,0,0,0,@Money_T2, 'Are you sure you wish to visit Warsong Hold?'),

(@Sub_Towns_WOTLK,6,2, 'Teleport me to Vengeance Landing please',1,1,0,0,0,@Money_T2, 'Are you sure you wish to visit Vengeance Landing?'),

(@Sub_Towns_WOTLK,7,2, 'Teleport me to Agmars Hammer please',1,1,0,0,0,@Money_T2, 'Are you sure you wish to visit Agmars Hammer?'),

(@Sub_Towns_WOTLK,8,2, 'Teleport me to Conquest Hold please',1,1,0,0,0,@Money_T2, 'Are you sure you wish to visit Conquest Hold?'),

-- Neutral

(@Sub_Towns_WOTLK,9,2, 'Teleport me to Wyrmrest Temple please',1,1,0,0,0,@Money_T2, 'Are you sure you wish to visit Wyrmrest Temple?'),

(@Sub_Towns_WOTLK,10,2, 'Teleport me to The Argent Stand please',1,1,0,0,0,@Money_T2, 'Are you sure you wish to visit The Argent Stand?'),

(@Sub_Towns_WOTLK,11,2, 'Teleport me to The Argent Tournament please',1,1,0,0,0,@Money_T2, 'Are you sure you wish to visit The Argent Tournament?'),

-- -------------------

-- -- Arena Submenu --

-- -------------------

(@Sub_Arenas,0,0, 'What other locations can you teleport me to?',1,1,@Main,0,0,0, ''),

-- Arenas

(@Sub_Arenas,1,2, 'Teleport me to Dire Maul Arena please',1,1,0,0,0,@Money_A, 'Are you sure you wish to visit the Dire Maul Arena?'),

(@Sub_Arenas,2,2, 'Teleport me to Gurubashi Arena please',1,1,0,0,0,@Money_A, 'Are you sure you wish to visit the Gurubashi Arena?'),

(@Sub_Arenas,3,2, 'Teleport me to the Circle of Blood Arena please',1,1,0,0,0,@Money_A, 'Are you sure you wish to visit the Circle of Blood Arena?'),

(@Sub_Arenas,4,2, 'Teleport me to the Ring of Trials Arena please',1,1,0,0,0,@Money_A, 'Are you sure you wish to visit the Ring of Trials Arena?'),

-- ----------------------------

-- -- Dungeons 1-60 Submenu --

-- ----------------------------

(@Sub_Instance1,0,2, 'What other locations can you teleport me to?',1,1,@Main,0,0,0, ''),

(@Sub_Instance1,1,2, 'I want to go to Eastern Kingdoms Instances',1,1,@Sub_Instance1_EK,0,0,0, ''),

(@Sub_Instance1,2,2, 'I want to go to Kalimdor Instances',1,1,@Sub_Instance1_K,0,0,0, ''),

-- Eastern Kingdoms

(@Sub_Instance1_EK,0,2, 'What other locations can you teleport me to?',1,1,@Sub_Instance1,0,0,0, ''),

-- Dungeons_Eastern Kingdoms

(@Sub_Instance1_EK,1,2, 'Teleport me to Deadmines please',1,1,0,0,0,@Money_I1, 'Are you sure you wish to visit the Deadmines?'),

(@Sub_Instance1_EK,2,2, 'Teleport me to Stormwind Stockades please',1,1,0,0,0,@Money_I1, 'Are you sure you wish to visit the Stormwind Stockades?'),

(@Sub_Instance1_EK,3,2, 'Teleport me to Gnomeregan please',1,1,0,0,0,@Money_I1, 'Are you sure you wish to visit Gnomeregan?'),

(@Sub_Instance1_EK,4,2, 'Teleport me to Scarlet Monestry please',1,1,0,0,0,@Money_I1, 'Are you sure you wish to visit the Scarlet Monestry?'),

(@Sub_Instance1_EK,5,2, 'Teleport me to Uldaman please',1,1,0,0,0,@Money_I1, 'Are you sure you wish to visit Uldaman?'),

(@Sub_Instance1_EK,6,2, 'Teleport me to Scholomance please',1,1,0,0,0,@Money_I1, 'Are you sure you wish to visit Scholomance?'),

(@Sub_Instance1_EK,7,2, 'Teleport me to Stratholme please',1,1,0,0,0,@Money_I1, 'Are you sure you wish to visit Stratholme?'),

(@Sub_Instance1_EK,8,2, 'Teleport me to Blackrock Mountain please',1,1,0,0,0,@Money_I1, 'Are you sure you wish to visit Blackrock Mountain?'),

(@Sub_Instance1_EK,9,2, 'Teleport me to Sunken Temple please',1,1,0,0,0,@Money_I1, 'Are you sure you wish to visit Sunken Temple?'),

-- Kalimdor

(@Sub_Instance1_K,0,2, 'What other locations can you teleport me to?',1,1,@Sub_Instance1,0,0,0, ''),

-- Dungeons_Kalimdor

(@Sub_Instance1_K,1,2, 'Teleport me to Ragefire Chasm please',1,1,0,0,0,@Money_I1, 'Are you sure you wish to visit Ragefire Chasm?'),

(@Sub_Instance1_K,2,2, 'Teleport me to Wailing Caverns please',1,1,0,0,0,@Money_I1, 'Are you sure you wish to visit the Wailing Caverns?'),

(@Sub_Instance1_K,3,2, 'Teleport me to Blackfathom Deeps please',1,1,0,0,0,@Money_I1, 'Are you sure you wish to visit Blackfathom Deeps?'),

(@Sub_Instance1_K,4,2, 'Teleport me to Shadowfang Keep please',1,1,0,0,0,@Money_I1, 'Are you sure you wish to visit Shadowfang Keep?'),

(@Sub_Instance1_K,5,2, 'Teleport me to Razorfen Kraul please',1,1,0,0,0,@Money_I1, 'Are you sure you wish to visit Razorfen Kraul?'),

(@Sub_Instance1_K,6,2, 'Teleport me to Maraudon please',1,1,0,0,0,@Money_I1, 'Are you sure you wish to visit Maraudon?'),

(@Sub_Instance1_K,7,2, 'Teleport me to Dire Maul please',1,1,0,0,0,@Money_I1, 'Are you sure you wish to visit Dire Maul?'),

(@Sub_Instance1_K,8,2, 'Teleport me to Razorfen Downs please',1,1,0,0,0,@Money_I1, 'Are you sure you wish to visit Razorfen Downs?'),

(@Sub_Instance1_K,9,2, 'Teleport me to Zul Farrak please',1,1,0,0,0,@Money_I1, 'Are you sure you wish to visit Zul Farrak?'),

-- ----------------------------

-- -- Dungeons 60-70 Submenu --

-- ----------------------------

(@Sub_Instance2,0,2, 'What other locations can you teleport me to?',1,1,@Main,0,0,0, ''),

-- Dungeons

(@Sub_Instance2,1,2, 'Teleport me to Hellfire Citadel please',1,1,0,0,0,@Money_I2, 'Are you sure you wish to visit Hellfire Citadel?'),

(@Sub_Instance2,2,2, 'Teleport me to Coilfang Reservoir please',1,1,0,0,0,@Money_I2, 'Are you sure you wish to visit the Coilfang Reservoir?'),

(@Sub_Instance2,3,2, 'Teleport me to Auchindoun please',1,1,0,0,0,@Money_I2, 'Are you sure you wish to visit Auchindoun?'),

(@Sub_Instance2,4,2, 'Teleport me to The Tempest Keep please',1,1,0,0,0,@Money_I2, 'Are you sure you wish to visit the Tempest Keep?'),

(@Sub_Instance2,5,2, 'Teleport me to Caverns of Time please',1,1,0,0,0,@Money_I2, 'Are you sure you wish to visit the Caverns of Time?'),

(@Sub_Instance2,6,2, 'Teleport me to Magisters Terrace please',1,1,0,0,0,@Money_I2, 'Are you sure you wish to visit Magisters Terrace?'),

-- ----------------------------

-- -- Dungeons 70-80 Submenu --

-- ----------------------------

(@Sub_Instance3,0,2, 'What other locations can you teleport me to?',1,1,@Main,0,0,0, ''),

-- Dungeons

(@Sub_Instance3,1,2, 'Teleport me to Utguarde please',1,1,0,0,0,@Money_I3, 'Are you sure you wish to visit Utguarde?'),

(@Sub_Instance3,2,2, 'Teleport me to The Nexus please',1,1,0,0,0,@Money_I3, 'Are you sure you wish to visit the Nexus?'),

(@Sub_Instance3,3,2, 'Teleport me to Pit of Narjun please',1,1,0,0,0,@Money_I3, 'Are you sure you wish to visit Pit of Narjun?'),

(@Sub_Instance3,4,2, 'Teleport me to Drak tharon please',1,1,0,0,0,@Money_I3, 'Are you sure you wish to visit Drak tharon?'),

(@Sub_Instance3,5,2, 'Teleport me to Gundrak please',1,1,0,0,0,@Money_I3, 'Are you sure you wish to visit Gundrak?'),

(@Sub_Instance3,6,2, 'Teleport me to Halls of Lightning and Stone please',1,1,0,0,0,@Money_I3, 'Are you sure you wish to visit Halls of Lightning/Stone?'),

(@Sub_Instance3,7,2, 'Teleport me to Culling of Stratholme please',1,1,0,0,0,@Money_I3, 'Are you sure you wish to visit Culling of Stratholme?'),

(@Sub_Instance3,8,2, 'Teleport me to Upper Icecrown Citadel please',1,1,0,0,0,@Money_I3, 'Are you sure you wish to visit Upper Icecrown Citadel?'),


-- ----------------------------

-- -- Dungeons 80-85 Submenu --

-- ----------------------------

(@Sub_Instance4,0,2, 'What other locations can you teleport me to?',1,1,@Main,0,0,0, ''),

-- Dungeons

(@Sub_Instance4,1,2, 'Teleport me to Blackrock Caverns please',1,1,0,0,0,@Money_I4, 'Are you sure you wish to visit Blackrock Caverns?'),

(@Sub_Instance4,2,2, 'Teleport me to End Time please',1,1,0,0,0,@Money_I4, 'Are you sure you wish to visit the End Time?'),

(@Sub_Instance4,3,2, 'Teleport me to Grim Batol please',1,1,0,0,0,@Money_I4, 'Are you sure you wish to visit Grim Batol?'),

(@Sub_Instance4,4,2, 'Teleport me to Halls of Origination please',1,1,0,0,0,@Money_I4, 'Are you sure you wish to visit Halls of Origination?'),

(@Sub_Instance4,5,2, 'Teleport me to Hour of Twilight please',1,1,0,0,0,@Money_I4, 'Are you sure you wish to visit Hour of Twilight?'),

(@Sub_Instance4,6,2, 'Teleport me to Lost City of the Tol''vir please',1,1,0,0,0,@Money_I4, 'Are you sure you wish to visit Lost City of the Tol''vir?'),

(@Sub_Instance4,7,2, 'Teleport me to The Stonecore please',1,1,0,0,0,@Money_I4, 'Are you sure you wish to visit The Stonecore?'),

(@Sub_Instance4,8,2, 'Teleport me to The Vortex Pinnacle please',1,1,0,0,0,@Money_I4, 'Are you sure you wish to visit The Vortex Pinnacle?'),

(@Sub_Instance4,9,2, 'Teleport me to Well of Eternity please',1,1,0,0,0,@Money_I4, 'Are you sure you wish to visit The Well of Eternity?'),

(@Sub_Instance4,10,2, 'Teleport me to Zul''Aman please',1,1,0,0,0,@Money_I4, 'Are you sure you wish to visit Zul''Aman?'),

(@Sub_Instance4,11,2, 'Teleport me to Zul''Gurub please',1,1,0,0,0,@Money_I4, 'Are you sure you wish to visit Zul''Gurub?'),


-- -------------------

-- -- Azeroth Raids --

-- -------------------

(@Sub_Raid60,0,2, 'What other locations can you teleport me to?',1,1,@Main,0,0,0, ''),

-- Raids

(@Sub_Raid60,1,2, 'Teleport me to the Molten Core please' ,1,1,0,0,0,@Money_R1, 'Are you sure you wish to visit Molten Core?'),

(@Sub_Raid60,2,2, 'Teleport me to Ahn Qiraj 20 please',1,1,0,0,0,@Money_R1, 'Are you sure you wish to visit Ahn Qiraj 20?'),

(@Sub_Raid60,3,2, 'Teleport me to Ahn Qiraj 40 please',1,1,0,0,0,@Money_R1, 'Are you sure you wish to visit Ahn Qiraj 40?'),

(@Sub_Raid60,4,2, 'Teleport me to Zul Gurub please',1,1,0,0,0,@Money_R1, 'Are you sure you wish to visit Zul Gurub?'),

-- -------------------

-- -- Outland Raids --

-- -------------------

(@Sub_Raid70,0,2, 'What other locations can you teleport me to?',1,1,@Main,0,0,0, ''),

-- Raids

(@Sub_Raid70,1,2, 'Teleport me to the Black Temple please',1,1,0,0,0,@Money_R2, 'Are you sure you wish to visit Black Temple?'),

(@Sub_Raid70,2,2, 'Teleport me to Zul Aman please',1,1,0,0,0,@Money_R2, 'Are you sure you wish to visit Zul Aman?'),

(@Sub_Raid70,3,2, 'Teleport me to Karazhan please',1,1,0,0,0,@Money_R2, 'Are you sure you wish to visit Karazhan?'),

(@Sub_Raid70,4,2, 'Teleport me to the Tempest Keep please',1,1,0,0,0,@Money_R2, 'Are you sure you wish to visit Tempest Keep?'),

(@Sub_Raid70,5,2, 'Teleport me to Gruuls Lair please' ,1,1,0,0,0,@Money_R2, 'Are you sure you wish to visit Gruuls Lair?'),

-- ---------------------

-- -- Northrend Raids --

-- ---------------------

(@Sub_Raid80,0,2, 'What other locations can you teleport me to?',1,1,@Main,0,0,0, ''),

-- Raids

(@Sub_Raid80,1,2, 'Teleport me to Naxxramas please',1,1,0,0,0,@Money_R3, 'Are you sure you wish to visit Naxxramas?'),

(@Sub_Raid80,2,2, 'Teleport me to the Eye of Eternity please',1,1,0,0,0,@Money_R3, 'Are you sure you wish to visit the Eye of Eternity?'),

(@Sub_Raid80,3,2, 'Teleport me to the Obsidian Sanctuary please',1,1,0,0,0,@Money_R3, 'Are you sure you wish to visit the Obsidian Sanctuary?'),

(@Sub_Raid80,4,2, 'Teleport me to Onyxias Lair please',1,1,0,0,0,@Money_R3, 'Are you sure you wish to visit Onyxias Lair?'),

(@Sub_Raid80,5,2, 'Teleport me to Ulduar please',1,1,0,0,0,@Money_R3, 'Are you sure you wish to visit Ulduar?'),

(@Sub_Raid80,6,2, 'Teleport me to the Ruby Sanctorum please',1,1,0,0,0,@Money_R3, 'Are you sure you wish to visit the Ruby Sanctorum?'),

(@Sub_Raid80,7,2, 'Teleport me to the Icecrown Citadel please',1,1,0,0,0,@Money_R3, 'Are you sure you wish to visit the Icecrown Citadel?'),

-- ---------------------

-- -- Cataclysm Raids --

-- ---------------------

(@Sub_Raid85,0,2, 'What other locations can you teleport me to?',1,1,@Main,0,0,0, ''),

-- Raids

(@Sub_Raid85,1,2, 'Teleport me to Baradin Hold please',1,1,0,0,0,@Money_R4, 'Are you sure you wish to visit Baradin Hold?'),

(@Sub_Raid85,2,2, 'Teleport me to the Blackwing Descent please',1,1,0,0,0,@Money_R4, 'Are you sure you wish to visit the Blackwing Descent?'),

(@Sub_Raid85,3,2, 'Teleport me to the Dragon Soul please',1,1,0,0,0,@Money_R4, 'Are you sure you wish to visit the Dragon Soul?'),

(@Sub_Raid85,4,2, 'Teleport me to Firelands please',1,1,0,0,0,@Money_R4, 'Are you sure you wish to visit Firelands?'),

(@Sub_Raid85,5,2, 'Teleport me to The Bastion of Twilight please',1,1,0,0,0,@Money_R4, 'Are you sure you wish to visit The Bastion of Twilight?'),

(@Sub_Raid85,6,2, 'Teleport me to the Throne of the Four Winds please',1,1,0,0,0,@Money_R4, 'Are you sure you wish to visit the Throne of the Four Winds');

-- -------------

-- -- Scripts --

-- -------------

-- IMPORTANT FOR SAI:

UPDATE `creature_template` SET `AIName`= 'SmartAI' WHERE `entry`= @Entry;

DELETE FROM `smart_scripts` WHERE `entryorguid` BETWEEN @Script AND @Script+83 AND`source_type`=9;

DELETE FROM `smart_scripts` WHERE `entryorguid`=@Entry AND `source_type` IN (0,9);

REPLACE INTO `smart_scripts`

(`entryorguid`,`source_type`,`id`,`link`,`event_type`,`event_phase_mask`,`event_chance`,`event_flags`,`event_param1`,`event_param2`,`event_param3`,`event_param4`,`action_type`,`action_param1`,`action_param2`,`action_param3`,`action_param4`,`action_param5`,`action_param6`,`target_type`,`target_param1`,`target_param2`,`target_param3`,`target_x`,`target_y`,`target_z`,`target_o`,`comment`)

VALUES

-- ------------------

-- -- Initialising --

-- -------------------------------------------------------------------------------------------------------------------------------------------

(@Entry,0,@ID+0,0,62,0,100,0,@Sub_Cities,@opt+1 ,0,0,80,@Script ,0,0,0,0,0,1,0,0,0,0,0,0,0, 'On gossip option select run teleport script'),

(@Entry,0,@ID+1,0,62,0,100,0,@Sub_Cities,@opt+2 ,0,0,80,@Script+1,0,0,0,0,0,1,0,0,0,0,0,0,0, 'On gossip option select run teleport script'),

(@Entry,0,@ID+2,0,62,0,100,0,@Sub_Cities,@opt+3 ,0,0,80,@Script+2,0,0,0,0,0,1,0,0,0,0,0,0,0, 'On gossip option select run teleport script'),

(@Entry,0,@ID+3,0,62,0,100,0,@Sub_Cities,@opt+4 ,0,0,80,@Script+3,0,0,0,0,0,1,0,0,0,0,0,0,0, 'On gossip option select run teleport script'),

(@Entry,0,@ID+4,0,62,0,100,0,@Sub_Cities,@opt+5 ,0,0,80,@Script+4,0,0,0,0,0,1,0,0,0,0,0,0,0, 'On gossip option select run teleport script'),

(@Entry,0,@ID+5,0,62,0,100,0,@Sub_Cities,@opt+6 ,0,0,80,@Script+5,0,0,0,0,0,1,0,0,0,0,0,0,0, 'On gossip option select run teleport script'),

(@Entry,0,@ID+6,0,62,0,100,0,@Sub_Cities,@opt+7 ,0,0,80,@Script+6,0,0,0,0,0,1,0,0,0,0,0,0,0, 'On gossip option select run teleport script'),

(@Entry,0,@ID+7,0,62,0,100,0,@Sub_Cities,@opt+8 ,0,0,80,@Script+7,0,0,0,0,0,1,0,0,0,0,0,0,0, 'On gossip option select run teleport script'),

(@Entry,0,@ID+8,0,62,0,100,0,@Sub_Cities,@opt+9 ,0,0,80,@Script+8,0,0,0,0,0,1,0,0,0,0,0,0,0, 'On gossip option select run teleport script'),

(@Entry,0,@ID+9,0,62,0,100,0,@Sub_Cities,@opt+10,0,0,80,@Script+9,0,0,0,0,0,1,0,0,0,0,0,0,0, 'On gossip option select run teleport script'),

-- ------------------------------------------------------------------------------------------------------------------------------------------

(@Entry,0,@ID+10,0,62,0,100,0,@Sub_Towns_BC,@opt+1 ,0,0,80,@Script+10,0,0,0,0,0,1,0,0,0,0,0,0,0, 'On gossip option select run teleport script'),

(@Entry,0,@ID+11,0,62,0,100,0,@Sub_Towns_BC,@opt+2 ,0,0,80,@Script+11,0,0,0,0,0,1,0,0,0,0,0,0,0, 'On gossip option select run teleport script'),

(@Entry,0,@ID+12,0,62,0,100,0,@Sub_Towns_BC,@opt+3 ,0,0,80,@Script+12,0,0,0,0,0,1,0,0,0,0,0,0,0, 'On gossip option select run teleport script'),

(@Entry,0,@ID+13,0,62,0,100,0,@Sub_Towns_BC,@opt+4 ,0,0,80,@Script+13,0,0,0,0,0,1,0,0,0,0,0,0,0, 'On gossip option select run teleport script'),

(@Entry,0,@ID+14,0,62,0,100,0,@Sub_Towns_BC,@opt+5 ,0,0,80,@Script+14,0,0,0,0,0,1,0,0,0,0,0,0,0, 'On gossip option select run teleport script'),

(@Entry,0,@ID+15,0,62,0,100,0,@Sub_Towns_BC,@opt+6 ,0,0,80,@Script+15,0,0,0,0,0,1,0,0,0,0,0,0,0, 'On gossip option select run teleport script'),

(@Entry,0,@ID+16,0,62,0,100,0,@Sub_Towns_BC,@opt+7 ,0,0,80,@Script+16,0,0,0,0,0,1,0,0,0,0,0,0,0, 'On gossip option select run teleport script'),

(@Entry,0,@ID+17,0,62,0,100,0,@Sub_Towns_BC,@opt+8 ,0,0,80,@Script+17,0,0,0,0,0,1,0,0,0,0,0,0,0, 'On gossip option select run teleport script'),

(@Entry,0,@ID+18,0,62,0,100,0,@Sub_Towns_BC,@opt+9 ,0,0,80,@Script+18,0,0,0,0,0,1,0,0,0,0,0,0,0, 'On gossip option select run teleport script'),

(@Entry,0,@ID+19,0,62,0,100,0,@Sub_Towns_BC,@opt+10,0,0,80,@Script+19,0,0,0,0,0,1,0,0,0,0,0,0,0, 'On gossip option select run teleport script'),

(@Entry,0,@ID+20,0,62,0,100,0,@Sub_Towns_BC,@opt+11,0,0,80,@Script+20,0,0,0,0,0,1,0,0,0,0,0,0,0, 'On gossip option select run teleport script'),

-- ------------------------------------------------------------------------------------------------------------------------------------------

(@Entry,0,@ID+21,0,62,0,100,0,@Sub_Towns_WOTLK,@opt+1 ,0,0,80,@Script+21,0,0,0,0,0,1,0,0,0,0,0,0,0, 'On gossip option select run teleport script'),

(@Entry,0,@ID+22,0,62,0,100,0,@Sub_Towns_WOTLK,@opt+2 ,0,0,80,@Script+22,0,0,0,0,0,1,0,0,0,0,0,0,0, 'On gossip option select run teleport script'),

(@Entry,0,@ID+23,0,62,0,100,0,@Sub_Towns_WOTLK,@opt+3 ,0,0,80,@Script+23,0,0,0,0,0,1,0,0,0,0,0,0,0, 'On gossip option select run teleport script'),

(@Entry,0,@ID+24,0,62,0,100,0,@Sub_Towns_WOTLK,@opt+4 ,0,0,80,@Script+24,0,0,0,0,0,1,0,0,0,0,0,0,0, 'On gossip option select run teleport script'),

(@Entry,0,@ID+25,0,62,0,100,0,@Sub_Towns_WOTLK,@opt+5 ,0,0,80,@Script+25,0,0,0,0,0,1,0,0,0,0,0,0,0, 'On gossip option select run teleport script'),

(@Entry,0,@ID+26,0,62,0,100,0,@Sub_Towns_WOTLK,@opt+6 ,0,0,80,@Script+26,0,0,0,0,0,1,0,0,0,0,0,0,0, 'On gossip option select run teleport script'),

(@Entry,0,@ID+27,0,62,0,100,0,@Sub_Towns_WOTLK,@opt+7 ,0,0,80,@Script+27,0,0,0,0,0,1,0,0,0,0,0,0,0, 'On gossip option select run teleport script'),

(@Entry,0,@ID+28,0,62,0,100,0,@Sub_Towns_WOTLK,@opt+8 ,0,0,80,@Script+28,0,0,0,0,0,1,0,0,0,0,0,0,0, 'On gossip option select run teleport script'),

(@Entry,0,@ID+29,0,62,0,100,0,@Sub_Towns_WOTLK,@opt+9 ,0,0,80,@Script+29,0,0,0,0,0,1,0,0,0,0,0,0,0, 'On gossip option select run teleport script'),

(@Entry,0,@ID+30,0,62,0,100,0,@Sub_Towns_WOTLK,@opt+10,0,0,80,@Script+30,0,0,0,0,0,1,0,0,0,0,0,0,0, 'On gossip option select run teleport script'),

(@Entry,0,@ID+31,0,62,0,100,0,@Sub_Towns_WOTLK,@opt+11,0,0,80,@Script+31,0,0,0,0,0,1,0,0,0,0,0,0,0, 'On gossip option select run teleport script'),

-- ------------------------------------------------------------------------------------------------------------------------------------------

(@Entry,0,@ID+32,0,62,0,100,0,@Sub_Arenas,@opt+1,0,0,80,@Script+32,0,0,0,0,0,1,0,0,0,0,0,0,0, 'On gossip option select run teleport script'),

(@Entry,0,@ID+33,0,62,0,100,0,@Sub_Arenas,@opt+2,0,0,80,@Script+33,0,0,0,0,0,1,0,0,0,0,0,0,0, 'On gossip option select run teleport script'),

(@Entry,0,@ID+34,0,62,0,100,0,@Sub_Arenas,@opt+3,0,0,80,@Script+34,0,0,0,0,0,1,0,0,0,0,0,0,0, 'On gossip option select run teleport script'),

(@Entry,0,@ID+35,0,62,0,100,0,@Sub_Arenas,@opt+4,0,0,80,@Script+35,0,0,0,0,0,1,0,0,0,0,0,0,0, 'On gossip option select run teleport script'),

-- ------------------------------------------------------------------------------------------------------------------------------------------

(@Entry,0,@ID+36,0,62,0,100,0,@Sub_Instance1_EK,@opt+1 ,0,0,80,@Script+36,0,0,0,0,0,1,0,0,0,0,0,0,0, 'On gossip option select run teleport script'),

(@Entry,0,@ID+37,0,62,0,100,0,@Sub_Instance1_EK,@opt+2 ,0,0,80,@Script+37,0,0,0,0,0,1,0,0,0,0,0,0,0, 'On gossip option select run teleport script'),

(@Entry,0,@ID+38,0,62,0,100,0,@Sub_Instance1_EK,@opt+3 ,0,0,80,@Script+38,0,0,0,0,0,1,0,0,0,0,0,0,0, 'On gossip option select run teleport script'),

(@Entry,0,@ID+39,0,62,0,100,0,@Sub_Instance1_EK,@opt+4 ,0,0,80,@Script+39,0,0,0,0,0,1,0,0,0,0,0,0,0, 'On gossip option select run teleport script'),

(@Entry,0,@ID+40,0,62,0,100,0,@Sub_Instance1_EK,@opt+5 ,0,0,80,@Script+40,0,0,0,0,0,1,0,0,0,0,0,0,0, 'On gossip option select run teleport script'),

(@Entry,0,@ID+41,0,62,0,100,0,@Sub_Instance1_EK,@opt+6 ,0,0,80,@Script+41,0,0,0,0,0,1,0,0,0,0,0,0,0, 'On gossip option select run teleport script'),

(@Entry,0,@ID+42,0,62,0,100,0,@Sub_Instance1_EK,@opt+7 ,0,0,80,@Script+42,0,0,0,0,0,1,0,0,0,0,0,0,0, 'On gossip option select run teleport script'),

(@Entry,0,@ID+43,0,62,0,100,0,@Sub_Instance1_EK,@opt+8 ,0,0,80,@Script+43,0,0,0,0,0,1,0,0,0,0,0,0,0, 'On gossip option select run teleport script'),

(@Entry,0,@ID+44,0,62,0,100,0,@Sub_Instance1_EK,@opt+9 ,0,0,80,@Script+44,0,0,0,0,0,1,0,0,0,0,0,0,0, 'On gossip option select run teleport script'),

-- ------------------------------------------------------------------------------------------------------------------------------------------

(@Entry,0,@ID+45,0,62,0,100,0,@Sub_Instance1_K,@opt+1,0,0,80,@Script+45,0,0,0,0,0,1,0,0,0,0,0,0,0, 'On gossip option select run teleport script'),

(@Entry,0,@ID+46,0,62,0,100,0,@Sub_Instance1_K,@opt+2,0,0,80,@Script+46,0,0,0,0,0,1,0,0,0,0,0,0,0, 'On gossip option select run teleport script'),

(@Entry,0,@ID+47,0,62,0,100,0,@Sub_Instance1_K,@opt+3,0,0,80,@Script+47,0,0,0,0,0,1,0,0,0,0,0,0,0, 'On gossip option select run teleport script'),

(@Entry,0,@ID+48,0,62,0,100,0,@Sub_Instance1_K,@opt+4,0,0,80,@Script+48,0,0,0,0,0,1,0,0,0,0,0,0,0, 'On gossip option select run teleport script'),

(@Entry,0,@ID+49,0,62,0,100,0,@Sub_Instance1_K,@opt+5,0,0,80,@Script+49,0,0,0,0,0,1,0,0,0,0,0,0,0, 'On gossip option select run teleport script'),

(@Entry,0,@ID+50,0,62,0,100,0,@Sub_Instance1_K,@opt+6,0,0,80,@Script+50,0,0,0,0,0,1,0,0,0,0,0,0,0, 'On gossip option select run teleport script'),

(@Entry,0,@ID+51,0,62,0,100,0,@Sub_Instance1_K,@opt+7,0,0,80,@Script+51,0,0,0,0,0,1,0,0,0,0,0,0,0, 'On gossip option select run teleport script'),

(@Entry,0,@ID+52,0,62,0,100,0,@Sub_Instance1_K,@opt+8,0,0,80,@Script+52,0,0,0,0,0,1,0,0,0,0,0,0,0, 'On gossip option select run teleport script'),

(@Entry,0,@ID+53,0,62,0,100,0,@Sub_Instance1_K,@opt+9,0,0,80,@Script+53,0,0,0,0,0,1,0,0,0,0,0,0,0, 'On gossip option select run teleport script'),

-- ------------------------------------------------------------------------------------------------------------------------------------------

(@Entry,0,@ID+54,0,62,0,100,0,@Sub_Instance2,@opt+1,0,0,80,@Script+54,0,0,0,0,0,1,0,0,0,0,0,0,0, 'On gossip option select run teleport script'),

(@Entry,0,@ID+55,0,62,0,100,0,@Sub_Instance2,@opt+2,0,0,80,@Script+55,0,0,0,0,0,1,0,0,0,0,0,0,0, 'On gossip option select run teleport script'),

(@Entry,0,@ID+56,0,62,0,100,0,@Sub_Instance2,@opt+3,0,0,80,@Script+56,0,0,0,0,0,1,0,0,0,0,0,0,0, 'On gossip option select run teleport script'),

(@Entry,0,@ID+57,0,62,0,100,0,@Sub_Instance2,@opt+4,0,0,80,@Script+57,0,0,0,0,0,1,0,0,0,0,0,0,0, 'On gossip option select run teleport script'),

(@Entry,0,@ID+58,0,62,0,100,0,@Sub_Instance2,@opt+5,0,0,80,@Script+58,0,0,0,0,0,1,0,0,0,0,0,0,0, 'On gossip option select run teleport script'),

(@Entry,0,@ID+59,0,62,0,100,0,@Sub_Instance2,@opt+6,0,0,80,@Script+59,0,0,0,0,0,1,0,0,0,0,0,0,0, 'On gossip option select run teleport script'),

-- ------------------------------------------------------------------------------------------------------------------------------------------

(@Entry,0,@ID+60,0,62,0,100,0,@Sub_Instance3,@opt+1,0,0,80,@Script+60,0,0,0,0,0,1,0,0,0,0,0,0,0, 'On gossip option select run teleport script'),

(@Entry,0,@ID+61,0,62,0,100,0,@Sub_Instance3,@opt+2,0,0,80,@Script+61,0,0,0,0,0,1,0,0,0,0,0,0,0, 'On gossip option select run teleport script'),

(@Entry,0,@ID+62,0,62,0,100,0,@Sub_Instance3,@opt+3,0,0,80,@Script+62,0,0,0,0,0,1,0,0,0,0,0,0,0, 'On gossip option select run teleport script'),

(@Entry,0,@ID+63,0,62,0,100,0,@Sub_Instance3,@opt+4,0,0,80,@Script+63,0,0,0,0,0,1,0,0,0,0,0,0,0, 'On gossip option select run teleport script'),

(@Entry,0,@ID+64,0,62,0,100,0,@Sub_Instance3,@opt+5,0,0,80,@Script+64,0,0,0,0,0,1,0,0,0,0,0,0,0, 'On gossip option select run teleport script'),

(@Entry,0,@ID+65,0,62,0,100,0,@Sub_Instance3,@opt+6,0,0,80,@Script+65,0,0,0,0,0,1,0,0,0,0,0,0,0, 'On gossip option select run teleport script'),

(@Entry,0,@ID+66,0,62,0,100,0,@Sub_Instance3,@opt+7,0,0,80,@Script+66,0,0,0,0,0,1,0,0,0,0,0,0,0, 'On gossip option select run teleport script'),

(@Entry,0,@ID+67,0,62,0,100,0,@Sub_Instance3,@opt+8,0,0,80,@Script+67,0,0,0,0,0,1,0,0,0,0,0,0,0, 'On gossip option select run teleport script'),

-- ------------------------------------------------------------------------------------------------------------------------------------------

(@Entry,0,@ID+68,0,62,0,100,0,@Sub_Raid60,@opt+1,0,0,80,@Script+68,0,0,0,0,0,1,0,0,0,0,0,0,0, 'On gossip option select run teleport script'),

(@Entry,0,@ID+69,0,62,0,100,0,@Sub_Raid60,@opt+2,0,0,80,@Script+69,0,0,0,0,0,1,0,0,0,0,0,0,0, 'On gossip option select run teleport script'),

(@Entry,0,@ID+70,0,62,0,100,0,@Sub_Raid60,@opt+3,0,0,80,@Script+70,0,0,0,0,0,1,0,0,0,0,0,0,0, 'On gossip option select run teleport script'),

(@Entry,0,@ID+71,0,62,0,100,0,@Sub_Raid60,@opt+4,0,0,80,@Script+71,0,0,0,0,0,1,0,0,0,0,0,0,0, 'On gossip option select run teleport script'),

-- ------------------------------------------------------------------------------------------------------------------------------------------

(@Entry,0,@ID+72,0,62,0,100,0,@Sub_Raid70,@opt+1,0,0,80,@Script+72,0,0,0,0,0,1,0,0,0,0,0,0,0, 'On gossip option select run teleport script'),

(@Entry,0,@ID+73,0,62,0,100,0,@Sub_Raid70,@opt+2,0,0,80,@Script+73,0,0,0,0,0,1,0,0,0,0,0,0,0, 'On gossip option select run teleport script'),

(@Entry,0,@ID+74,0,62,0,100,0,@Sub_Raid70,@opt+3,0,0,80,@Script+74,0,0,0,0,0,1,0,0,0,0,0,0,0, 'On gossip option select run teleport script'),

(@Entry,0,@ID+75,0,62,0,100,0,@Sub_Raid70,@opt+4,0,0,80,@Script+75,0,0,0,0,0,1,0,0,0,0,0,0,0, 'On gossip option select run teleport script'),

(@Entry,0,@ID+76,0,62,0,100,0,@Sub_Raid70,@opt+5,0,0,80,@Script+76,0,0,0,0,0,1,0,0,0,0,0,0,0, 'On gossip option select run teleport script'),

-- ------------------------------------------------------------------------------------------------------------------------------------------

(@Entry,0,@ID+77,0,62,0,100,0,@Sub_Raid80,@opt+1,0,0,80,@Script+77,0,0,0,0,0,1,0,0,0,0,0,0,0, 'On gossip option select run teleport script'),

(@Entry,0,@ID+78,0,62,0,100,0,@Sub_Raid80,@opt+2,0,0,80,@Script+78,0,0,0,0,0,1,0,0,0,0,0,0,0, 'On gossip option select run teleport script'),

(@Entry,0,@ID+79,0,62,0,100,0,@Sub_Raid80,@opt+3,0,0,80,@Script+79,0,0,0,0,0,1,0,0,0,0,0,0,0, 'On gossip option select run teleport script'),

(@Entry,0,@ID+80,0,62,0,100,0,@Sub_Raid80,@opt+4,0,0,80,@Script+80,0,0,0,0,0,1,0,0,0,0,0,0,0, 'On gossip option select run teleport script'),

(@Entry,0,@ID+81,0,62,0,100,0,@Sub_Raid80,@opt+5,0,0,80,@Script+81,0,0,0,0,0,1,0,0,0,0,0,0,0, 'On gossip option select run teleport script'),

(@Entry,0,@ID+82,0,62,0,100,0,@Sub_Raid80,@opt+6,0,0,80,@Script+82,0,0,0,0,0,1,0,0,0,0,0,0,0, 'On gossip option select run teleport script'),

(@Entry,0,@ID+83,0,62,0,100,0,@Sub_Raid80,@opt+7,0,0,80,@Script+83,0,0,0,0,0,1,0,0,0,0,0,0,0, 'On gossip option select run teleport script'),

-- -----------------------------------------------------------------------------------------------------------------------------------------------

(@Entry,0,@ID+84,0,62,0,100,0,@Sub_Instance4,@opt+1,0,0,80,@Script+84,0,0,0,0,0,1,0,0,0,0,0,0,0, 'On gossip option select run teleport script'),

(@Entry,0,@ID+85,0,62,0,100,0,@Sub_Instance4,@opt+2,0,0,80,@Script+85,0,0,0,0,0,1,0,0,0,0,0,0,0, 'On gossip option select run teleport script'),

(@Entry,0,@ID+86,0,62,0,100,0,@Sub_Instance4,@opt+3,0,0,80,@Script+86,0,0,0,0,0,1,0,0,0,0,0,0,0, 'On gossip option select run teleport script'),

(@Entry,0,@ID+87,0,62,0,100,0,@Sub_Instance4,@opt+4,0,0,80,@Script+87,0,0,0,0,0,1,0,0,0,0,0,0,0, 'On gossip option select run teleport script'),

(@Entry,0,@ID+88,0,62,0,100,0,@Sub_Instance4,@opt+5,0,0,80,@Script+88,0,0,0,0,0,1,0,0,0,0,0,0,0, 'On gossip option select run teleport script'),

(@Entry,0,@ID+89,0,62,0,100,0,@Sub_Instance4,@opt+6,0,0,80,@Script+89,0,0,0,0,0,1,0,0,0,0,0,0,0, 'On gossip option select run teleport script'),

(@Entry,0,@ID+90,0,62,0,100,0,@Sub_Instance4,@opt+7,0,0,80,@Script+90,0,0,0,0,0,1,0,0,0,0,0,0,0, 'On gossip option select run teleport script'),

(@Entry,0,@ID+91,0,62,0,100,0,@Sub_Instance4,@opt+8,0,0,80,@Script+91,0,0,0,0,0,1,0,0,0,0,0,0,0, 'On gossip option select run teleport script'),

(@Entry,0,@ID+92,0,62,0,100,0,@Sub_Instance4,@opt+9,0,0,80,@Script+92,0,0,0,0,0,1,0,0,0,0,0,0,0, 'On gossip option select run teleport script'),

(@Entry,0,@ID+93,0,62,0,100,0,@Sub_Instance4,@opt+10,0,0,80,@Script+93,0,0,0,0,0,1,0,0,0,0,0,0,0, 'On gossip option select run teleport script'),

(@Entry,0,@ID+94,0,62,0,100,0,@Sub_Instance4,@opt+11,0,0,80,@Script+94,0,0,0,0,0,1,0,0,0,0,0,0,0, 'On gossip option select run teleport script'),

-- ----------------------------------------------------------------------------------------------------------------------------------------------

(@Entry,0,@ID+95,0,62,0,100,0,@Sub_Raid85,@opt+1,0,0,80,@Script+95,0,0,0,0,0,1,0,0,0,0,0,0,0, 'On gossip option select run teleport script'),

(@Entry,0,@ID+96,0,62,0,100,0,@Sub_Raid85,@opt+2,0,0,80,@Script+96,0,0,0,0,0,1,0,0,0,0,0,0,0, 'On gossip option select run teleport script'),

(@Entry,0,@ID+97,0,62,0,100,0,@Sub_Raid85,@opt+3,0,0,80,@Script+97,0,0,0,0,0,1,0,0,0,0,0,0,0, 'On gossip option select run teleport script'),

(@Entry,0,@ID+98,0,62,0,100,0,@Sub_Raid85,@opt+4,0,0,80,@Script+98,0,0,0,0,0,1,0,0,0,0,0,0,0, 'On gossip option select run teleport script'),

(@Entry,0,@ID+99,0,62,0,100,0,@Sub_Raid85,@opt+5,0,0,80,@Script+99,0,0,0,0,0,1,0,0,0,0,0,0,0, 'On gossip option select run teleport script'),

(@Entry,0,@ID+100,0,62,0,100,0,@Sub_Raid85,@opt+6,0,0,80,@Script+100,0,0,0,0,0,1,0,0,0,0,0,0,0, 'On gossip option select run teleport script'),

-- ------------------------------------------------------------------------------------------------------------------------------------------

-- -- ActionScripts --

-- ------------------------------------------------------------------------------------------------------------------------------------------

-- Cities

(@Script+00,9,0,0,0,0,100,0,0,0,0,0,85,35517,2,0,0,0,0,0,1,0,0,0,0,0,0, 'script - cast Visual on player'),

(@Script+00,9,1,0,0,0,100,0,1500,1500,0,0,62,571,0,0,0,0,0,0,8,0,0,5804,625,647.768,1.64, 'script - teleport to Dalaran'),

(@Script+01,9,0,0,0,0,100,0,0,0,0,0,85,35517,2,0,0,0,0,0,1,0,0,0,0,0,0, 'script - cast Visual on player'),

(@Script+01,9,1,0,0,0,100,0,1500,1500,0,0,62,0,0,0,0,0,0,0,8,0,0,-9004,870,29.621,2.25, 'script - teleport to Stormwind'),

(@Script+02,9,0,0,0,0,100,0,0,0,0,0,85,35517,2,0,0,0,0,0,1,0,0,0,0,0,0, 'script - cast Visual on player'),

(@Script+02,9,1,0,0,0,100,0,1500,1500,0,0,62,0,0,0,0,0,0,0,8,0,0,-4918.88,-940.406,501.564,5.42347, 'script - teleport to Ironforge'),

(@Script+03,9,0,0,0,0,100,0,0,0,0,0,85,35517,2,0,0,0,0,0,1,0,0,0,0,0,0, 'script - cast Visual on player'),

(@Script+03,9,1,0,0,0,100,0,1500,1500,0,0,62,1,0,0,0,0,0,0,8,0,0,9660.810,2513.640,1331.66,3.06, 'script - teleport to Darnassus'),

(@Script+04,9,0,0,0,0,100,0,0,0,0,0,85,35517,2,0,0,0,0,0,1,0,0,0,0,0,0, 'script - cast Visual on player'),

(@Script+04,9,1,0,0,0,100,0,1500,1500,0,0,62,530,0,0,0,0,0,0,8,0,0,-4030.000,-11572.000,-138.296,2.43, 'script - teleport to Exodar'),

(@Script+05,9,0,0,0,0,100,0,0,0,0,0,85,35517,2,0,0,0,0,0,1,0,0,0,0,0,0, 'script - cast Visual on player'),

(@Script+05,9,1,0,0,0,100,0,1500,1500,0,0,62,1,0,0,0,0,0,0,8,0,0,1569.97,-4397.41,16.0472,0.543025, 'script - teleport to Orgrimmar'),

(@Script+06,9,0,0,0,0,100,0,0,0,0,0,85,35517,2,0,0,0,0,0,1,0,0,0,0,0,0, 'script - cast Visual on player'),

(@Script+06,9,1,0,0,0,100,0,1500,1500,0,0,62,0,0,0,0,0,0,0,8,0,0,1773.470,61.121,-46.32,2.32443, 'script - teleport to Undercity'),

(@Script+07,9,0,0,0,0,100,0,0,0,0,0,85,35517,2,0,0,0,0,0,1,0,0,0,0,0,0, 'script - cast Visual on player'),

(@Script+07,9,1,0,0,0,100,0,1500,1500,0,0,62,1,0,0,0,0,0,0,8,0,0,-964.980,283.433,111.187,3.02, 'script - teleport to ThunderBluff'),

(@Script+08,9,0,0,0,0,100,0,0,0,0,0,85,35517,2,0,0,0,0,0,1,0,0,0,0,0,0, 'script - cast Visual on player'),

(@Script+08,9,1,0,0,0,100,0,1500,1500,0,0,62,530,0,0,0,0,0,0,8,0,0,9998.490,-7106.780,47.7055,2.44, 'script - teleport to SilvermoonCity'),

(@Script+09,9,0,0,0,0,100,0,0,0,0,0,85,35517,2,0,0,0,0,0,1,0,0,0,0,0,0, 'script - cast Visual on player'),

(@Script+09,9,1,0,0,0,100,0,1500,1500,0,0,62,530,0,0,0,0,0,0,8,0,0,-1838.160,5301.790,-12.428,5.95, 'script - teleport to Shattrath'),

-- Towns TBC

(@Script+10,9,0,0,0,0,100,0,0,0,0,0,85,35517,2,0,0,0,0,0,1,0,0,0,0,0,0, 'script - cast Visual on player'),

(@Script+10,9,1,0,0,0,100,0,1500,1500,0,0,62,530,0,0,0,0,0,0,8,0,0,-748.211,2681.52,100.35,5.7479, 'script - teleport to Honor Hold'),

(@Script+11,9,0,0,0,0,100,0,0,0,0,0,85,35517,2,0,0,0,0,0,1,0,0,0,0,0,0, 'script - cast Visual on player'),

(@Script+11,9,1,0,0,0,100,0,1500,1500,0,0,62,530,0,0,0,0,0,0,8,0,0,-2560.76,7300.72,13.9485,2.18422, 'script - teleport to Telaar'),

(@Script+12,9,0,0,0,0,100,0,0,0,0,0,85,35517,2,0,0,0,0,0,1,0,0,0,0,0,0, 'script - cast Visual on player'),

(@Script+12,9,1,0,0,0,100,0,1500,1500,0,0,62,530,0,0,0,0,0,0,8,0,0,2018.91,6854.47,171.409,0.087216, 'script - teleport to Sylvanaar'),

(@Script+13,9,0,0,0,0,100,0,0,0,0,0,85,35517,2,0,0,0,0,0,1,0,0,0,0,0,0, 'script - cast Visual on player'),

(@Script+13,9,1,0,0,0,100,0,1500,1500,0,0,62,530,0,0,0,0,0,0,8,0,0,-3989.47,2168.39,105.35,3.08422, 'script - teleport to Wildhammer Stronghold'),

(@Script+14,9,0,0,0,0,100,0,0,0,0,0,85,35517,2,0,0,0,0,0,1,0,0,0,0,0,0, 'script - cast Visual on player'),

(@Script+14,9,1,0,0,0,100,0,1500,1500,0,0,62,530,0,0,0,0,0,0,8,0,0,2314.75,6041.96,142.417,6.24317, 'script - teleport to Thunderlord Stronghold'),

(@Script+15,9,0,0,0,0,100,0,0,0,0,0,85,35517,2,0,0,0,0,0,1,0,0,0,0,0,0, 'script - cast Visual on player'),

(@Script+15,9,1,0,0,0,100,0,1500,1500,0,0,62,530,0,0,0,0,0,0,8,0,0,156.251,2673.45,85.1587,0.382074, 'script - teleport to Thrallmar'),

(@Script+16,9,0,0,0,0,100,0,0,0,0,0,85,35517,2,0,0,0,0,0,1,0,0,0,0,0,0, 'script - cast Visual on player'),

(@Script+16,9,1,0,0,0,100,0,1500,1500,0,0,62,530,0,0,0,0,0,0,8,0,0,-1321.34,7239.12,32.7371,4.04169, 'script - teleport to Garadar'),

(@Script+17,9,0,0,0,0,100,0,0,0,0,0,85,35517,2,0,0,0,0,0,1,0,0,0,0,0,0, 'script - cast Visual on player'),

(@Script+17,9,1,0,0,0,100,0,1500,1500,0,0,62,530,0,0,0,0,0,0,8,0,0,-2998.66,2568.9,76.6306,0.551303, 'script - teleport to Shadowmoon Village'),

(@Script+18,9,0,0,0,0,100,0,0,0,0,0,85,35517,2,0,0,0,0,0,1,0,0,0,0,0,0, 'script - cast Visual on player'),

(@Script+18,9,1,0,0,0,100,0,1500,1500,0,0,62,530,0,0,0,0,0,0,8,0,0,-223.541,5487.99,23.2281,0.886755, 'script - teleport to Cenarion Refuge'),

(@Script+19,9,0,0,0,0,100,0,0,0,0,0,85,35517,2,0,0,0,0,0,1,0,0,0,0,0,0, 'script - cast Visual on player'),

(@Script+19,9,1,0,0,0,100,0,1500,1500,0,0,62,530,0,0,0,0,0,0,8,0,0,2964.84,5663.43,146.879,5.89082, 'script - teleport to Ruuan Weald'),

(@Script+20,9,0,0,0,0,100,0,0,0,0,0,85,35517,2,0,0,0,0,0,1,0,0,0,0,0,0, 'script - cast Visual on player'),

(@Script+20,9,1,0,0,0,100,0,1500,1500,0,0,62,530,0,0,0,0,0,0,8,0,0,3043.33,3681.33,143.065,5.07464, 'script - teleport to Area52'),

-- Towns WOTLK

(@Script+21,9,0,0,0,0,100,0,0,0,0,0,85,35517,2,0,0,0,0,0,1,0,0,0,0,0,0, 'script - cast Visual on player'),

(@Script+21,9,1,0,0,0,100,0,1500,1500,0,0,62,571,0,0,0,0,0,0,8,0,0,2213.95,5273.15,11.2565,5.89294, 'script - teleport to Valliance Keep'),

(@Script+22,9,0,0,0,0,100,0,0,0,0,0,85,35517,2,0,0,0,0,0,1,0,0,0,0,0,0, 'script - cast Visual on player'),

(@Script+22,9,1,0,0,0,100,0,1500,1500,0,0,62,571,0,0,0,0,0,0,8,0,0,1391.04,-3284.63,163.929,1.59391, 'script - teleport to Westguard Keep'),

(@Script+23,9,0,0,0,0,100,0,0,0,0,0,85,35517,2,0,0,0,0,0,1,0,0,0,0,0,0, 'script - cast Visual on player'),

(@Script+23,9,1,0,0,0,100,0,1500,1500,0,0,62,571,0,0,0,0,0,0,8,0,0,3682.71,-722.635,212.729,5.7991, 'script - teleport to Wintergarde Keep'),

(@Script+24,9,0,0,0,0,100,0,0,0,0,0,85,35517,2,0,0,0,0,0,1,0,0,0,0,0,0, 'script - cast Visual on player'),

(@Script+24,9,1,0,0,0,100,0,1500,1500,0,0,62,571,0,0,0,0,0,0,8,0,0,3412.88,-2791.17,201.521,2.2458, 'script - teleport to Amberpine Lodge'),

(@Script+25,9,0,0,0,0,100,0,0,0,0,0,85,35517,2,0,0,0,0,0,1,0,0,0,0,0,0, 'script - cast Visual on player'),

(@Script+25,9,1,0,0,0,100,0,1500,1500,0,0,62,571,0,0,0,0,0,0,8,0,0,2741.29,6097.16,76.9055,0.731543, 'script - teleport to Warsong Hold'),

(@Script+26,9,0,0,0,0,100,0,0,0,0,0,85,35517,2,0,0,0,0,0,1,0,0,0,0,0,0, 'script - cast Visual on player'),

(@Script+26,9,1,0,0,0,100,0,1500,1500,0,0,62,571,0,0,0,0,0,0,8,0,0,1942.86,-6167.11,23.724,2.64258, 'script - teleport to Vengeance Landing'),

(@Script+27,9,0,0,0,0,100,0,0,0,0,0,85,35517,2,0,0,0,0,0,1,0,0,0,0,0,0, 'script - cast Visual on player'),

(@Script+27,9,1,0,0,0,100,0,1500,1500,0,0,62,571,0,0,0,0,0,0,8,0,0,3834.80,1544.01,89.73,0.25, 'script - teleport to Agmars Hammer'),

(@Script+28,9,0,0,0,0,100,0,0,0,0,0,85,35517,2,0,0,0,0,0,1,0,0,0,0,0,0, 'script - cast Visual on player'),

(@Script+28,9,1,0,0,0,100,0,1500,1500,0,0,62,571,0,0,0,0,0,0,8,0,0,3249.58,-2254.53,114.65,1.21, 'script - teleport to Conquest Hold'),

(@Script+29,9,0,0,0,0,100,0,0,0,0,0,85,35517,2,0,0,0,0,0,1,0,0,0,0,0,0, 'script - cast Visual on player'),

(@Script+29,9,1,0,0,0,100,0,1500,1500,0,0,62,571,0,0,0,0,0,0,8,0,0,3546.02,278.09,45.60,4.85, 'script - teleport to Wyrmrest Temple'),

(@Script+30,9,0,0,0,0,100,0,0,0,0,0,85,35517,2,0,0,0,0,0,1,0,0,0,0,0,0, 'script - cast Visual on player'),

(@Script+30,9,1,0,0,0,100,0,1500,1500,0,0,62,571,0,0,0,0,0,0,8,0,0,5451.05,-2597.77,306.622,4.67, 'script - teleport to The Argent Stand'),

(@Script+31,9,0,0,0,0,100,0,0,0,0,0,85,35517,2,0,0,0,0,0,1,0,0,0,0,0,0, 'script - cast Visual on player'),

(@Script+31,9,1,0,0,0,100,0,1500,1500,0,0,62,571,0,0,0,0,0,0,8,0,0,8515.89,629.25,547.396,1.5747, 'script - teleport to The Argent Tournament'),

-- Arenas

(@Script+32,9,0,0,0,0,100,0,0,0,0,0,85,35517,2,0,0,0,0,0,1,0,0,0,0,0,0, 'script - cast Visual on player'),

(@Script+32,9,1,0,0,0,100,0,1500,1500,0,0,62,1,0,0,0,0,0,0,8,0,0,-3761.49,1133.43,132.083,4.57259, 'script - teleport to Dire Maul Arena'),

(@Script+33,9,0,0,0,0,100,0,0,0,0,0,85,35517,2,0,0,0,0,0,1,0,0,0,0,0,0, 'script - cast Visual on player'),

(@Script+33,9,1,0,0,0,100,0,1500,1500,0,0,62,0,0,0,0,0,0,0,8,0,0,-13277.4,127.372,26.1418,1.11878, 'script - teleport to Gurubashi Arena'),

(@Script+34,9,0,0,0,0,100,0,0,0,0,0,85,35517,2,0,0,0,0,0,1,0,0,0,0,0,0, 'script - cast Visual on player'),

(@Script+34,9,1,0,0,0,100,0,1500,1500,0,0,62,530,0,0,0,0,0,0,8,0,0,2839.44,5930.17,11.1002,3.16284, 'script - teleport to Circle of Blood Arena'),

(@Script+35,9,0,0,0,0,100,0,0,0,0,0,85,35517,2,0,0,0,0,0,1,0,0,0,0,0,0, 'script - cast Visual on player'),

(@Script+35,9,1,0,0,0,100,0,1500,1500,0,0,62,530,0,0,0,0,0,0,8,0,0,-1999.94,6581.71,11.32,2.3, 'script - teleport to Ring of Trials Arena'),

-- Dungeons Eastern Kingdoms

(@Script+36,9,0,0,0,0,100,0,0,0,0,0,85,35517,2,0,0,0,0,0,1,0,0,0,0,0,0, 'script - cast Visual on player'),

(@Script+36,9,1,0,0,0,100,0,1500,1500,0,0,62,0,0,0,0,0,0,0,8,0,0,-11208.7,1673.52,24.6361,1.51067, 'script - teleport to Deadmines'),

(@Script+37,9,0,0,0,0,100,0,0,0,0,0,85,35517,2,0,0,0,0,0,1,0,0,0,0,0,0, 'script - cast Visual on player'),

(@Script+37,9,1,0,0,0,100,0,1500,1500,0,0,62,0,0,0,0,0,0,0,8,0,0,-8779.10,834.91,94.315,0.66, 'script - teleport to Stormwind Stockades'),

(@Script+38,9,0,0,0,0,100,0,0,0,0,0,85,35517,2,0,0,0,0,0,1,0,0,0,0,0,0, 'script - cast Visual on player'),

(@Script+38,9,1,0,0,0,100,0,1500,1500,0,0,62,0,0,0,0,0,0,0,8,0,0,-5143.53,894.909,287.394,2.26833, 'script - teleport to Gnomeregan'),

(@Script+39,9,0,0,0,0,100,0,0,0,0,0,85,35517,2,0,0,0,0,0,1,0,0,0,0,0,0, 'script - cast Visual on player'),

(@Script+39,9,1,0,0,0,100,0,1500,1500,0,0,62,0,0,0,0,0,0,0,8,0,0,2872.6,-764.398,160.332,5.05735, 'script - teleport to Scarlet Monestry'),

(@Script+40,9,0,0,0,0,100,0,0,0,0,0,85,35517,2,0,0,0,0,0,1,0,0,0,0,0,0, 'script - cast Visual on player'),

(@Script+40,9,1,0,0,0,100,0,1500,1500,0,0,62,0,0,0,0,0,0,0,8,0,0,-6071.37,-2955.16,209.782,0.015708, 'script - teleport to Uldaman'),

(@Script+41,9,0,0,0,0,100,0,0,0,0,0,85,35517,2,0,0,0,0,0,1,0,0,0,0,0,0, 'script - cast Visual on player'),

(@Script+41,9,1,0,0,0,100,0,1500,1500,0,0,62,0,0,0,0,0,0,0,8,0,0,1269.64,-2556.21,93.6088,0.620623, 'script - teleport to Scholomance'),

(@Script+42,9,0,0,0,0,100,0,0,0,0,0,85,35517,2,0,0,0,0,0,1,0,0,0,0,0,0, 'script - cast Visual on player'),

(@Script+42,9,1,0,0,0,100,0,1500,1500,0,0,62,0,0,0,0,0,0,0,8,0,0,3352.92,-3379.03,144.782,6.25978, 'script - teleport to Stratholme'),

(@Script+43,9,0,0,0,0,100,0,0,0,0,0,85,35517,2,0,0,0,0,0,1,0,0,0,0,0,0, 'script - cast Visual on player'),

(@Script+43,9,1,0,0,0,100,0,1500,1500,0,0,62,0,0,0,0,0,0,0,8,0,0,-7494.94,-1123.49,265.547,3.3092, 'script - teleport to Blackrock Mountain'),

(@Script+44,9,0,0,0,0,100,0,0,0,0,0,85,35517,2,0,0,0,0,0,1,0,0,0,0,0,0, 'script - cast Visual on player'),

(@Script+44,9,1,0,0,0,100,0,1500,1500,0,0,62,0,0,0,0,0,0,0,8,0,0,-10291.1,-3984.65,-70.4401,1.29154, 'script - teleport to Sunken Temple'),

-- Dungeons Kalimdor

(@Script+45,9,0,0,0,0,100,0,0,0,0,0,85,35517,2,0,0,0,0,0,1,0,0,0,0,0,0, 'script - cast Visual on player'),

(@Script+45,9,1,0,0,0,100,0,1500,1500,0,0,62,1,0,0,0,0,0,0,8,0,0,1811.78,-4410.5,-18.4704,5.20165, 'script - teleport to Ragefire Chasm'),

(@Script+46,9,0,0,0,0,100,0,0,0,0,0,85,35517,2,0,0,0,0,0,1,0,0,0,0,0,0, 'script - cast Visual on player'),

(@Script+46,9,1,0,0,0,100,0,1500,1500,0,0,62,1,0,0,0,0,0,0,8,0,0,-731.607,-2218.39,17.0281,2.78486, 'script - teleport to Wailing Caverns'),

(@Script+47,9,0,0,0,0,100,0,0,0,0,0,85,35517,2,0,0,0,0,0,1,0,0,0,0,0,0, 'script - cast Visual on player'),

(@Script+47,9,1,0,0,0,100,0,1500,1500,0,0,62,1,0,0,0,0,0,0,8,0,0,4249.99,740.102,-25.671,1.34, 'script - teleport to Blackfathom Deeps'),

(@Script+48,9,0,0,0,0,100,0,0,0,0,0,85,35517,2,0,0,0,0,0,1,0,0,0,0,0,0, 'script - cast Visual on player'),

(@Script+48,9,1,0,0,0,100,0,1500,1500,0,0,62,0,0,0,0,0,0,0,8,0,0,-234.675,1561.63,76.8921,1.24031, 'script - teleport to Shadowfang Keep'),

(@Script+49,9,0,0,0,0,100,0,0,0,0,0,85,35517,2,0,0,0,0,0,1,0,0,0,0,0,0, 'script - cast Visual on player'),

(@Script+49,9,1,0,0,0,100,0,1500,1500,0,0,62,1,0,0,0,0,0,0,8,0,0,-4470.28,-1677.77,81.3925,1.16302, 'script - teleport to Razorfen Kraul'),

(@Script+50,9,0,0,0,0,100,0,0,0,0,0,85,35517,2,0,0,0,0,0,1,0,0,0,0,0,0, 'script - cast Visual on player'),

(@Script+50,9,1,0,0,0,100,0,1500,1500,0,0,62,1,0,0,0,0,0,0,8,0,0,-1419.13,2908.14,137.464,1.57366, 'script - teleport to Maraudon'),

(@Script+51,9,0,0,0,0,100,0,0,0,0,0,85,35517,2,0,0,0,0,0,1,0,0,0,0,0,0, 'script - cast Visual on player'),

(@Script+51,9,1,0,0,0,100,0,1500,1500,0,0,62,1,0,0,0,0,0,0,8,0,0,-3981.01,1129.61,161.03,0.05, 'script - teleport to Dire Maul'),

(@Script+52,9,0,0,0,0,100,0,0,0,0,0,85,35517,2,0,0,0,0,0,1,0,0,0,0,0,0, 'script - cast Visual on player'),

(@Script+52,9,1,0,0,0,100,0,1500,1500,0,0,62,1,0,0,0,0,0,0,8,0,0,-4657.3,-2519.35,81.0529,4.54808, 'script - teleport to Razorfen Downs'),

(@Script+53,9,0,0,0,0,100,0,0,0,0,0,85,35517,2,0,0,0,0,0,1,0,0,0,0,0,0, 'script - cast Visual on player'),

(@Script+53,9,1,0,0,0,100,0,1500,1500,0,0,62,1,0,0,0,0,0,0,8,0,0,-6801.19,-2893.02,9.00388,0.158639, 'script - teleport to Zul Farrak'),

-- Dungeons TBC

(@Script+54,9,0,0,0,0,100,0,0,0,0,0,85,35517,2,0,0,0,0,0,1,0,0,0,0,0,0, 'script - cast Visual on player'),

(@Script+54,9,1,0,0,0,100,0,1500,1500,0,0,62,530,0,0,0,0,0,0,8,0,0,-390.863,3130.64,4.51327,0.218692, 'script - teleport to Hellfire Citadel'),

(@Script+55,9,0,0,0,0,100,0,0,0,0,0,85,35517,2,0,0,0,0,0,1,0,0,0,0,0,0, 'script - cast Visual on player'),

(@Script+55,9,1,0,0,0,100,0,1500,1500,0,0,62,530,0,0,0,0,0,0,8,0,0,735.066,6883.45,-66.2913,5.89172, 'script - teleport to Coilfang Reservoir'),

(@Script+56,9,0,0,0,0,100,0,0,0,0,0,85,35517,2,0,0,0,0,0,1,0,0,0,0,0,0, 'script - cast Visual on player'),

(@Script+56,9,1,0,0,0,100,0,1500,1500,0,0,62,530,0,0,0,0,0,0,8,0,0,-3324.49,4943.45,-101.239,4.63901, 'script - teleport to Auchindoun'),

(@Script+57,9,0,0,0,0,100,0,0,0,0,0,85,35517,2,0,0,0,0,0,1,0,0,0,0,0,0, 'script - cast Visual on player'),

(@Script+57,9,1,0,0,0,100,0,1500,1500,0,0,62,530,0,0,0,0,0,0,8,0,0,2988.21,1806.9,139.071,3.8591, 'script - teleport to Tempest Keep'),

(@Script+58,9,0,0,0,0,100,0,0,0,0,0,85,35517,2,0,0,0,0,0,1,0,0,0,0,0,0, 'script - cast Visual on player'),

(@Script+58,9,1,0,0,0,100,0,1500,1500,0,0,62,530,0,0,0,0,0,0,8,0,0,-8204.88,-4495.25,9.0091,4.72574, 'script - teleport to Caverns of Time'),

(@Script+59,9,0,0,0,0,100,0,0,0,0,0,85,35517,2,0,0,0,0,0,1,0,0,0,0,0,0, 'script - cast Visual on player'),

(@Script+59,9,1,0,0,0,100,0,1500,1500,0,0,62,530,0,0,0,0,0,0,8,0,0,12884.6,-7317.69,65.5023,4.799, 'script - teleport to Magister Terrace'),

-- Dungeons WOTLK

(@Script+60,9,0,0,0,0,100,0,0,0,0,0,85,35517,2,0,0,0,0,0,1,0,0,0,0,0,0, 'script - cast Visual on player'),

(@Script+60,9,1,0,0,0,100,0,1500,1500,0,0,62,571,0,0,0,0,0,0,8,0,0,1259.33,-4852.02,215.763,3.48293, 'script - teleport to Utgarde'),

(@Script+61,9,0,0,0,0,100,0,0,0,0,0,85,35517,2,0,0,0,0,0,1,0,0,0,0,0,0, 'script - cast Visual on player'),

(@Script+61,9,1,0,0,0,100,0,1500,1500,0,0,62,571,0,0,0,0,0,0,8,0,0,3781.81,6953.65,104.82,0.467432, 'script - teleport to The Nexus'),

(@Script+62,9,0,0,0,0,100,0,0,0,0,0,85,35517,2,0,0,0,0,0,1,0,0,0,0,0,0, 'script - cast Visual on player'),

(@Script+62,9,1,0,0,0,100,0,1500,1500,0,0,62,571,0,0,0,0,0,0,8,0,0,3707.86,2150.23,36.76,3.22, 'script - teleport to Pit of Narjun'),

(@Script+63,9,0,0,0,0,100,0,0,0,0,0,85,35517,2,0,0,0,0,0,1,0,0,0,0,0,0, 'script - cast Visual on player'),

(@Script+63,9,1,0,0,0,100,0,1500,1500,0,0,62,571,0,0,0,0,0,0,8,0,0,4774.6,-2032.92,229.15,1.59, 'script - teleport to DrakTharon Keep'),

(@Script+64,9,0,0,0,0,100,0,0,0,0,0,85,35517,2,0,0,0,0,0,1,0,0,0,0,0,0, 'script - cast Visual on player'),

(@Script+64,9,1,0,0,0,100,0,1500,1500,0,0,62,571,0,0,0,0,0,0,8,0,0,6898.72,-4584.94,451.12,2.34455, 'script - teleport to Gundrak'),

(@Script+65,9,0,0,0,0,100,0,0,0,0,0,85,35517,2,0,0,0,0,0,1,0,0,0,0,0,0, 'script - cast Visual on player'),

(@Script+65,9,1,0,0,0,100,0,1500,1500,0,0,62,571,0,0,0,0,0,0,8,0,0,9049.37,-1282.35,1060.19,5.8395, 'script - teleport to Halls of Stone/Lightning'),

(@Script+66,9,0,0,0,0,100,0,0,0,0,0,85,35517,2,0,0,0,0,0,1,0,0,0,0,0,0, 'script - cast Visual on player'),

(@Script+66,9,1,0,0,0,100,0,1500,1500,0,0,62,1,0,0,0,0,0,0,8,0,0,-8756.6,-4457.02,-200.481,1.39626, 'script - teleport to Culling of Stratholme'),

(@Script+67,9,0,0,0,0,100,0,0,0,0,0,85,35517,2,0,0,0,0,0,1,0,0,0,0,0,0, 'script - cast Visual on player'),

(@Script+67,9,1,0,0,0,100,0,1500,1500,0,0,62,571,0,0,0,0,0,0,8,0,0,5635.06,2052.08,798.05,4.68, 'script - teleport to Halls of Reflection'),

-- Raids lvl 60

(@Script+68,9,0,0,0,0,100,0,0,0,0,0,85,35517,2,0,0,0,0,0,1,0,0,0,0,0,0, 'script - cast Visual on player'),

(@Script+68,9,1,0,0,0,100,0,1500,1500,0,0,62,230,0,0,0,0,0,0,8,0,0,1121.45,-454.317,-101.33,3.5, 'script - teleport to Molten Core'),

(@Script+69,9,0,0,0,0,100,0,0,0,0,0,85,35517,2,0,0,0,0,0,1,0,0,0,0,0,0, 'script - cast Visual on player'),

(@Script+69,9,1,0,0,0,100,0,1500,1500,0,0,62,1,0,0,0,0,0,0,8,0,0,-8409.03,1498.83,27.3615,2.49757, 'script - teleport to AQ20'),

(@Script+70,9,0,0,0,0,100,0,0,0,0,0,85,35517,2,0,0,0,0,0,1,0,0,0,0,0,0, 'script - cast Visual on player'),

(@Script+70,9,1,0,0,0,100,0,1500,1500,0,0,62,1,0,0,0,0,0,0,8,0,0,-8245.84,1983.74,129.072,0.936195, 'script - teleport to AQ40'),

(@Script+71,9,0,0,0,0,100,0,0,0,0,0,85,35517,2,0,0,0,0,0,1,0,0,0,0,0,0, 'script - cast Visual on player'),

(@Script+71,9,1,0,0,0,100,0,1500,1500,0,0,62,0,0,0,0,0,0,0,8,0,0,-11916.7,-1212.82,92.2868,4.6095, 'script - teleport to Zul Gurub'),

-- Raids lvl 70

(@Script+72,9,0,0,0,0,100,0,0,0,0,0,85,35517,2,0,0,0,0,0,1,0,0,0,0,0,0, 'script - cast Visual on player'),

(@Script+72,9,1,0,0,0,100,0,1500,1500,0,0,62,530,0,0,0,0,0,0,8,0,0,-3610.72,324.988,37.4,3.28298, 'script - teleport to Black Temple'),

(@Script+73,9,0,0,0,0,100,0,0,0,0,0,85,35517,2,0,0,0,0,0,1,0,0,0,0,0,0, 'script - cast Visual on player'),

(@Script+73,9,1,0,0,0,100,0,1500,1500,0,0,62,530,0,0,0,0,0,0,8,0,0,6846.95,-7954.5,170.028,4.61501, 'script - teleport to Zul Aman'),

(@Script+74,9,0,0,0,0,100,0,0,0,0,0,85,35517,2,0,0,0,0,0,1,0,0,0,0,0,0, 'script - cast Visual on player'),

(@Script+74,9,1,0,0,0,100,0,1500,1500,0,0,62,0,0,0,0,0,0,0,8,0,0,-11118.8,-2010.84,47.0807,0, 'script - teleport to Karazhan'),

(@Script+75,9,0,0,0,0,100,0,0,0,0,0,85,35517,2,0,0,0,0,0,1,0,0,0,0,0,0, 'script - cast Visual on player'),

(@Script+75,9,1,0,0,0,100,0,1500,1500,0,0,62,530,0,0,0,0,0,0,8,0,0,3089.58,1399.05,187.653,4.79407, 'script - teleport to Tempest Keep'),

(@Script+76,9,0,0,0,0,100,0,0,0,0,0,85,35517,2,0,0,0,0,0,1,0,0,0,0,0,0, 'script - cast Visual on player'),

(@Script+76,9,1,0,0,0,100,0,1500,1500,0,0,62,530,0,0,0,0,0,0,8,0,0,3539.01,5082.36,1.69107,0, 'script - teleport to Gruuls Lair'),

-- Raids lvl 80

(@Script+77,9,0,0,0,0,100,0,0,0,0,0,85,35517,2,0,0,0,0,0,1,0,0,0,0,0,0, 'script - cast Visual on player'),

(@Script+77,9,1,0,0,0,100,0,1500,1500,0,0,62,571,0,0,0,0,0,0,8,0,0,3668.72,-1262.46,243.622,4.785, 'script - teleport to Naxxramas'),

(@Script+78,9,0,0,0,0,100,0,0,0,0,0,85,35517,2,0,0,0,0,0,1,0,0,0,0,0,0, 'script - cast Visual on player'),

(@Script+78,9,1,0,0,0,100,0,1500,1500,0,0,62,571,0,0,0,0,0,0,8,0,0,3857.17,6990.71,152.10,5.87, 'script - teleport to Eye of Eternity'),

(@Script+79,9,0,0,0,0,100,0,0,0,0,0,85,35517,2,0,0,0,0,0,1,0,0,0,0,0,0, 'script - cast Visual on player'),

(@Script+79,9,1,0,0,0,100,0,1500,1500,0,0,62,571,0,0,0,0,0,0,8,0,0,3516.08,269.89,-114.035,3.23, 'script - teleport to The Obsidian Sanctuary'),

(@Script+80,9,0,0,0,0,100,0,0,0,0,0,85,35517,2,0,0,0,0,0,1,0,0,0,0,0,0, 'script - cast Visual on player'),

(@Script+80,9,1,0,0,0,100,0,1500,1500,0,0,62,1,0,0,0,0,0,0,8,0,0,-4708.27,-3727.64,54.5589,3.72786, 'script - teleport to Onyxias Lair'),

(@Script+81,9,0,0,0,0,100,0,0,0,0,0,85,35517,2,0,0,0,0,0,1,0,0,0,0,0,0, 'script - cast Visual on player'),

(@Script+81,9,1,0,0,0,100,0,1500,1500,0,0,62,571,0,0,0,0,0,0,8,0,0,9049.37,-1282.35,1060.19,5.8395, 'script - teleport to Ulduar'),

(@Script+82,9,0,0,0,0,100,0,0,0,0,0,85,35517,2,0,0,0,0,0,1,0,0,0,0,0,0, 'script - cast Visual on player'),

(@Script+82,9,1,0,0,0,100,0,1500,1500,0,0,62,571,0,0,0,0,0,0,8,0,0,3598.44,198.52,-110.85,2.22, 'script - teleport to Ruby Sanctum'),

(@Script+83,9,0,0,0,0,100,0,0,0,0,0,85,35517,2,0,0,0,0,0,1,0,0,0,0,0,0, 'script - cast Visual on player'),

(@Script+83,9,1,0,0,0,100,0,1500,1500,0,0,62,571,0,0,0,0,0,0,8,0,0,5873.82,2110.98,636.011,3.5523, 'script - teleport to Icecrown Citadel'),

-- Cataclysm instance level80

(@Script+84,9,0,0,0,0,100,0,0,0,0,0,85,35517,2,0,0,0,0,0,1,0,0,0,0,0,0, 'script - cast Visual on player'),

(@Script+84,9,1,0,0,0,100,0,1500,1500,0,0,62,0,0,0,0,0,0,0,8,0,0,-7571.42,-1320.84,245.538,4.84243, 'script - teleport to Blackrock Caverns?'),

(@Script+85,9,0,0,0,0,100,0,0,0,0,0,85,35517,2,0,0,0,0,0,1,0,0,0,0,0,0, 'script - cast Visual on player'),

(@Script+85,9,1,0,0,0,100,0,1500,1500,0,0,62,1,0,0,0,0,0,0,8,0,0,-8296.45,-4458.88,-208.441,3.772, 'script - teleport to End Time'),

(@Script+86,9,0,0,0,0,100,0,0,0,0,0,85,35517,2,0,0,0,0,0,1,0,0,0,0,0,0, 'script - cast Visual on player'),

(@Script+86,9,1,0,0,0,100,0,1500,1500,0,0,62,0,0,0,0,0,0,0,8,0,0,-4053.51,-3447.71,283.404,3.44519, 'script - teleport to Grim Batol'),

(@Script+87,9,0,0,0,0,100,0,0,0,0,0,85,35517,2,0,0,0,0,0,1,0,0,0,0,0,0, 'script - cast Visual on player'),

(@Script+87,9,1,0,0,0,100,0,1500,1500,0,0,62,1,0,0,0,0,0,0,8,0,0,-10211,-1837.83,20.1281,6.25565, 'script - teleport to Halls of Origination'),

(@Script+88,9,0,0,0,0,100,0,0,0,0,0,85,35517,2,0,0,0,0,0,1,0,0,0,0,0,0, 'script - cast Visual on player'),

(@Script+88,9,1,0,0,0,100,0,1500,1500,0,0,62,1,0,0,0,0,0,0,8,0,0,-8289.69,-4580.73,-225.664,1.64888, 'script - teleport to Hour of Twilight'),

(@Script+89,9,0,0,0,0,100,0,0,0,0,0,85,35517,2,0,0,0,0,0,1,0,0,0,0,0,0, 'script - cast Visual on player'),

(@Script+89,9,1,0,0,0,100,0,1500,1500,0,0,62,1,0,0,0,0,0,0,8,0,0,-10678.3,-1306.81,17.3417,0.220624, 'script - teleport to Lost City of the Tol''vir'),

(@Script+90,9,0,0,0,0,100,0,0,0,0,0,85,35517,2,0,0,0,0,0,1,0,0,0,0,0,0, 'script - cast Visual on player'),

(@Script+90,9,1,0,0,0,100,0,1500,1500,0,0,62,646,0,0,0,0,0,0,8,0,0,1027.44,628.709,157.141,1.82351, 'script - teleport to The Stonecore'),

(@Script+91,9,0,0,0,0,100,0,0,0,0,0,85,35517,2,0,0,0,0,0,1,0,0,0,0,0,0, 'script - cast Visual on player'),

(@Script+91,9,1,0,0,0,100,0,1500,1500,0,0,62,1,0,0,0,0,0,0,8,0,0,-11516.5,-2312.36,608.65,0.673829, 'script - teleport to The Vortex Pinnacle'),

(@Script+92,9,0,0,0,0,100,0,0,0,0,0,85,35517,2,0,0,0,0,0,1,0,0,0,0,0,0, 'script - cast Visual on player'),

(@Script+92,9,1,0,0,0,100,0,1500,1500,0,0,62,1,0,0,0,0,0,0,8,0,0,-8596.36,-4001.64,-205.547,4.46226, 'script - teleport to The Well of Eternity'),

(@Script+93,9,0,0,0,0,100,0,0,0,0,0,85,35517,2,0,0,0,0,0,1,0,0,0,0,0,0, 'script - cast Visual on player'),

(@Script+93,9,1,0,0,0,100,0,1500,1500,0,0,62,530,0,0,0,0,0,0,8,0,0,6851.11,-7985.05,186.421,1.5708, 'script - teleport to Zul''Aman'),

(@Script+94,9,0,0,0,0,100,0,0,0,0,0,85,35517,2,0,0,0,0,0,1,0,0,0,0,0,0, 'script - cast Visual on player'),

(@Script+94,9,1,0,0,0,100,0,1500,1500,0,0,62,0,0,0,0,0,0,0,8,0,0,-11916.2,-1209.47,92.2873,1.5708, 'script - teleport to Zul''Gurub'),

-- Raids lvl 85

(@Script+95,9,0,0,0,0,100,0,0,0,0,0,85,35517,2,0,0,0,0,0,1,0,0,0,0,0,0, 'script - cast Visual on player'),

(@Script+95,9,1,0,0,0,100,0,1500,1500,0,0,62,732,0,0,0,0,0,0,8,0,0,-1266.98,1049.99,106.995,0.014455, 'script - teleport to Baradin Hold'),

(@Script+96,9,0,0,0,0,100,0,0,0,0,0,85,35517,2,0,0,0,0,0,1,0,0,0,0,0,0, 'script - cast Visual on player'),

(@Script+96,9,1,0,0,0,100,0,1500,1500,0,0,62,0,0,0,0,0,0,0,8,0,0,-7539.44,-1196.08,477.769,5.01914, 'script - teleport to Blackwing Descent'),

(@Script+97,9,0,0,0,0,100,0,0,0,0,0,85,35517,2,0,0,0,0,0,1,0,0,0,0,0,0, 'script - cast Visual on player'),

(@Script+97,9,1,0,0,0,100,0,1500,1500,0,0,62,1,0,0,0,0,0,0,8,0,0,-8269.14,-4514.72,-219.441,3.5214, 'script - teleport to Dragon Soul'),

(@Script+98,9,0,0,0,0,100,0,0,0,0,0,85,35517,2,0,0,0,0,0,1,0,0,0,0,0,0, 'script - cast Visual on player'),

(@Script+98,9,1,0,0,0,100,0,1500,1500,0,0,62,1,0,0,0,0,0,0,8,0,0,3987.92,-2945.83,1002.55,5.11593, 'script - teleport to Firelands'),

(@Script+99,9,0,0,0,0,100,0,0,0,0,0,85,35517,2,0,0,0,0,0,1,0,0,0,0,0,0, 'script - cast Visual on player'),

(@Script+99,9,1,0,0,0,100,0,1500,1500,0,0,62,0,0,0,0,0,0,0,8,0,0,-4888.41,-4239.17,827.763,5.21704, 'script - teleport to The Bastion of Twilight'),

(@Script+100,9,0,0,0,0,100,0,0,0,0,0,85,35517,2,0,0,0,0,0,1,0,0,0,0,0,0, 'script - cast Visual on player'),

(@Script+100,9,1,0,0,0,100,0,1500,1500,0,0,62,1,0,0,0,0,0,0,8,0,0,-11355,58.1568,723.883,5.01194, 'script - teleport to Throne of the Four Winds');


-- ----------------

-- -- Conditions --

-- ----------------

DELETE FROM `conditions` WHERE `SourceTypeOrReferenceId`=15 AND `SourceGroup` BETWEEN @Main AND @Main+14;

REPLACE INTO conditions (`SourceTypeOrReferenceId`, `SourceGroup`, `SourceEntry`, `ElseGroup`, `ConditionTypeOrReference`, `ConditionValue1`, `ConditionValue2`, `ConditionValue3`, `ErrorTextId`, `ScriptName`, `Comment`) VALUES

-- Main Menu:

(15,@Main,1,0,27,55,3,0,0, '', 'Level 55+ Outland Towns'),

(15,@Main,2,0,27,70,3,0,0, '', 'Level 70+ Northrend Towns'),

(15,@Main,5,0,27,55,3,0,0, '', 'Level 55+ Outland Dungeons'),

(15,@Main,6,0,27,55,3,0,0, '', 'Level 70+ Northrend Dungeons'),

(15,@Main,7,0,27,60,3,0,0, '', 'Level 60+ Azeroth Raids'),

(15,@Main,8,0,27,70,3,0,0, '', 'Level 70+ Outland Raids'),

(15,@Main,9,0,27,80,3,0,0, '', 'Level 80+ Northrend Raids'),

(15,@Main,10,0,27,80,3,0,0, '', 'Level 84+ Cata Dungeons'),

(15,@Main,11,0,27,80,3,0,0, '', 'Level 84+ Cata Raids'),

-- Submenu: Cities

(15,@Sub_Cities,1,0,27,70,3,0,0, '', 'Level 70+ Dalaran'),

(15,@Sub_Cities,2,0,6,469,0,0,0, '', 'Ally: Stormwind'),

(15,@Sub_Cities,3,0,6,469,0,0,0, '', 'Ally: Ironforge'),

(15,@Sub_Cities,4,0,6,469,0,0,0, '', 'Ally: Darnassus'),

(15,@Sub_Cities,5,0,6,469,0,0,0, '', 'Ally: Exodar'),

(15,@Sub_Cities,6,0,6,67,0,0,0, '', 'Horde: Orgrimmar'),

(15,@Sub_Cities,7,0,6,67,0,0,0, '', 'Horde: Undercity'),

(15,@Sub_Cities,8,0,6,67,0,0,0, '', 'Horde: ThunderBluff'),

(15,@Sub_Cities,9,0,6,67,0,0,0, '', 'Horde: Silvermoon'),

(15,@Sub_Cities,10,0,27,60,3,0,0, '', 'Level 60+ Shattrath'),

-- Submenu: Towns BC

(15,@Sub_Towns_BC,1,0,6,469,0,0,0, '', 'Ally: Honor Hold'),

(15,@Sub_Towns_BC,2,0,6,469,0,0,0, '', 'Ally: Telaar'),

(15,@Sub_Towns_BC,3,0,6,469,0,0,0, '', 'Ally: Sylvanaar'),

(15,@Sub_Towns_BC,4,0,6,469,0,0,0, '', 'Ally: Wildhammer Stronghold'),

(15,@Sub_Towns_BC,5,0,6,67,0,0,0, '', 'Horde: Thunderlord Stronghold'),

(15,@Sub_Towns_BC,6,0,6,67,0,0,0, '', 'Horde: Thrallmar'),

(15,@Sub_Towns_BC,7,0,6,67,0,0,0, '', 'Horde: Garadar'),

(15,@Sub_Towns_BC,8,0,6,67,0,0,0, '', 'Horde: Shadowmoon Village'),

-- Submenu: Towns WOTLK

(15,@Sub_Towns_WOTLK,1,0,6,469,0,0,0, '', 'Ally: Valiance Keep'),

(15,@Sub_Towns_WOTLK,2,0,6,469,0,0,0, '', 'Ally: Westguard Keep'),

(15,@Sub_Towns_WOTLK,3,0,6,469,0,0,0, '', 'Ally: Wintergarde Keep'),

(15,@Sub_Towns_WOTLK,4,0,6,469,0,0,0, '', 'Ally: Amberpine Lodge'),

(15,@Sub_Towns_WOTLK,5,0,6,67,0,0,0, '', 'Horde: Warsong Hold'),

(15,@Sub_Towns_WOTLK,6,0,6,67,0,0,0, '', 'Horde: Vengeance Landing'),

(15,@Sub_Towns_WOTLK,7,0,6,67,0,0,0, '', 'Horde: Agmars Hammer'),

(15,@Sub_Towns_WOTLK,8,0,6,67,0,0,0, '', 'Horde: Conquest Hold');



